Rkt_Time,Rkt_q1,Rkt_q2,Rkt_q3,Rkt_q4,Rkt_w1,Rkt_w2,Rkt_w3,Euler_Time,Euler_q1,Euler_q2,Euler_q3,Euler_q4,Euler_w1,Euler_w2,Euler_w3,SPIRAL_L_Time,SPIRAL_q1,SPIRAL_q2,SPIRAL_q3,SPIRAL_q4,SPIRAL_w1,SPIRAL_w2,SPIRAL_w3
0.0,1.0,0.0,0.0,0.0,0.3,-0.9,0.6,0.009989999999999761,0.999982043342574,0.0025926364364245195,-0.004491040264974189,0.003003628814835876,0.7376658254418776,-0.8984426994408053,0.602329414977565,0.009989999999999761,0.9999820461787979,0.0025915422808923667,-0.0044910425131718225,0.0030036254453146053,0.7374467734771943,-0.8984431478260436,0.6023287392483082
0.010050251256281407,0.9999818116484458,0.0026138040877602448,-0.004518088108871994,0.003021800841133314,0.7403054566545161,-0.8984286276492823,0.6023503972109815,0.019979999999999356,0.999914449146771,0.007371116300245672,-0.008964259121906083,0.006033497360033192,1.1753316508837888,-0.8955553743975782,0.6066140510252742,0.019979999999999356,0.9999144652756891,0.007368928073261401,-0.008964263625586352,0.006033490626084891,1.175112598919109,-0.8955558156001063,0.6066133703974088
0.020100502512562814,0.9999132334133284,0.0074398941110798925,-0.009018057044908196,0.006070277395089594,1.1806109133090341,-0.8955109769614923,0.6066795613348727,0.02996999999999895,0.999765883157456,0.01433466967827999,-0.013406089316307549,0.009108945539963425,1.6129974763256898,-0.8913100154227572,0.6128348465660166,0.02996999999999895,0.9997659302107319,0.014331387665880563,-0.01340609608984425,0.009108935452066171,1.6127784243610421,-0.8913104395488911,0.6128341540345772
0.03015075376884422,0.9997622360133928,0.01447747989343376,-0.013486089319687089,0.009165119328062105,1.6209163699635338,-0.8912184015741915,0.6129679932064505,0.039960000000001564,0.9994906907235634,0.023481687521258957,-0.017802553194636556,0.012249024770984308,2.050663301767602,-0.8856660649220599,0.6209636162451321,0.039960000000001564,0.9994907935043754,0.02347731241135419,-0.017802562259020622,0.012249011345727609,2.0504442498029665,-0.8856664580862879,0.6209629014852945
0.04020100502512563,0.999482121384831,0.02372490636773525,-0.017907945014813794,0.012325719259603555,2.0612218266180453,-0.8855094052496516,0.6211868424350344,0.04995000000000462,0.9990289205092773,0.034809222833109374,-0.022139099169656364,0.015472371498229883,2.4883291272094907,-0.87857072928565,0.6309626104924563,0.04995000000000462,0.9990291109827095,0.03480375599375108,-0.022139110551605,0.015472354759653542,2.488110075244903,-0.8785710738536067,0.6309618595350421
0.05025125628140704,0.9990115473761588,0.035179137195861354,-0.022268793333784603,0.015571042312716612,2.501527283272557,-0.8783299653159712,0.631297451308054,0.05994000000000768,0.9983063682077812,0.048312335932469,-0.026400443801809035,0.018797073165943406,2.925994952651426,-0.8699593998993765,0.6427839444995938,0.05994000000000768,0.9983066854809833,0.04830577976828988,-0.026400457532301788,0.01879705314765624,2.9257759006868027,-0.8699596748118162,0.6427831393258062
0.06030150753768844,0.9982745733493437,0.04883507674480773,-0.02655305000973235,0.01891948780213316,2.941832739927068,-0.8696139691505327,0.6432507634338699,0.06993000000000558,0.9972346502658143,0.06398328462966182,-0.03057042134231627,0.022240524637968318,3.3636607780933563,-0.8597561916756077,0.6563689031886765,0.06993000000000558,0.9972351405524257,0.06397564301609096,-0.030570437454380976,0.022240501386200557,3.363441726128748,-0.8597563728628591,0.6563680212517747
0.07035175879396985,0.9971807371765505,0.06468473131006197,-0.030744222497509646,0.022388740973974326,3.382138196581579,-0.8592837727607728,0.6569866040263018,0.07992000000000171,0.9957113199866047,0.0818105607472138,-0.034631842749140246,0.02581927319965696,3.801326603535221,-0.8478746095590574,0.6716471306499922,0.07992000000000171,0.9957120365487612,0.08180183954177536,-0.03463186127468945,0.025819246777379543,3.8011075515706936,-0.8478746704566735,0.6716461443336628
0.08040201005025126,0.995625176596772,0.082716211096103,-0.03482476505292809,0.02599561285216413,3.8224436532360904,-0.847250892418058,0.6724328407334107,0.08990999999999784,0.9936200407040374,0.10177777523958266,-0.038566366383130025,0.02954885044447985,4.238992428976897,-0.8342183551070077,0.6885357146291854,0.08990999999999784,0.9936210437641084,0.10176798286912864,-0.03856638734861425,0.029548820936696266,4.238773377012414,-0.8342182672849423,0.6885345906549779
0.09045226130653267,0.9934888103350383,0.10291257534078772,-0.03877594600873333,0.029755866428731813,4.262749109890602,-0.8334168420188961,0.6895044361273178,0.09989999999999397,0.9908308329923369,0.12386239528318645,-0.0423543828147491,0.03344358956221033,4.676658254418375,-0.8186822866715837,0.7069381789793835,0.09989999999999397,0.9908321896054026,0.12385154340533348,-0.042354406235364996,0.033443557082496786,4.67643920245385,-0.8186820205901131,0.7069368777782299
0.10050251256281408,0.9906385967676646,0.12525052415259616,-0.04257772979186543,0.033684027660942195,4.703054566545114,-0.8176741303366807,0.7081024054316954,0.10988999999999009,0.9872004150664214,0.14803433815469247,-0.0459749164168637,0.03751642680546605,5.114324079859911,-0.8011535478752599,0.7267433995850341,0.10988999999999009,0.9872021989433964,0.14802244239093915,-0.04597494228901501,0.03751639150379188,5.114105027895393,-0.8011530737813111,0.7267418746509295
0.11055276381909548,0.9869278902114245,0.14969894216350813,-0.04620867648453265,0.037793180013080775,5.143360023199626,-0.7999074335337496,0.728112695794717,0.11987999999998622,0.9825726576038231,0.17425442853510514,-0.0494055466802034,0.0417786862226948,5.551989905301411,-0.781512879912352,0.7478244621288167,0.11987999999998622,0.9825749488740997,0.1742415092721646,-0.04940557497188355,0.04177864829451172,5.551770853336877,-0.7815121688903425,0.7478226593763466
0.12060301507537688,0.9821969170855399,0.17621730102942543,-0.049645862006232486,0.04209474161013553,5.583665479854137,-0.7799949591685181,0.7494050064362408,0.1298699999999891,0.9767791761362077,0.20247272810761408,-0.05262235245811865,0.04623984711377596,5.989655730742908,-0.7596361336698424,0.770037483222355,0.1298699999999891,0.9767820610377379,0.20245881136227253,-0.05262238309684033,0.04623980681030034,5.989436678778382,-0.7596351588602123,0.7700353403733037
0.1306532663316583,0.9762733961963391,0.204753930174731,-0.052864822277395175,0.046598224460237356,6.023970936508649,-0.7578100183899398,0.7718315723186242,0.1398599999999991,0.9696400858639892,0.23262674899191713,-0.055599882617615184,0.050907294094606356,6.427321556184336,-0.7353959976693402,0.7932204198530143,0.1398599999999991,0.9696436563478805,0.23261186733334854,-0.05559991547548453,0.050907251734159435,6.427102504219934,-0.7353947356670125,0.793217865881564
0.1407035175879397,0.9689733291683554,0.2352441680131498,-0.05583952500866735,0.05131097565824907,6.464276393163159,-0.7332228229890188,0.7952259376101957,0.1498500000000091,0.9609649451777911,0.2646395657044504,-0.05831115683434207,0.055786050154549016,6.864987381625764,-0.7086639573172531,0.8171918958044454,0.1498500000000091,0.9609692984137913,0.26462375922622544,-0.05831119170984238,0.05578600613473499,6.864768329661405,-0.7086623897601196,0.8171888504745687
0.1507537688442211,0.9601019885244391,0.2676084092123817,-0.05854237303227232,0.05623790100978719,6.904581849817718,-0.7061025233955462,0.8194017491160503,0.15984000000001908,0.9505539152512117,0.2984178439725047,-0.06072770050866724,0.06087849366010806,7.302653207067162,-0.6793124998307921,0.8417500776599295,0.15984000000001908,0.95055915301996,0.2984011613046136,-0.060727737104693987,0.0608784484705205,7.302434155102905,-0.6793106151855598,0.8417464511934143
0.16080402010050251,0.9494551320213771,0.30175006742546084,-0.06094424334095262,0.06138117211815064,7.34488730647223,-0.676319502482963,0.8441516040150596,0.16983000000002907,0.938199163715089,0.3338498088704796,-0.0628196179848996,0.06618406090353603,7.740319032508697,-0.647217577400426,0.8666716371571465,0.16983000000002907,0.9382053916727168,0.3338323082195231,-0.06281965588257443,0.066184015138584,7.740099980544422,-0.6472153729488201,0.8666673300749395
0.1708542713567839,0.936820472484961,0.3375534772972536,-0.06301456621149,0.06673991866016095,7.785192763126694,-0.6437479380856819,0.8692459906208563,0.17982000000003906,0.9236865405376721,0.37080317938649693,-0.06455570841108674,0.07169893651899938,8.177984857950133,-0.6122613385670267,0.8917108409715273,0.17982000000003906,0.9236938673383462,0.370784929589756,-0.06455574703887237,0.07169889089032322,8.177765805985919,-0.6122588225905895,0.8917057441558318
0.18090452261306533,0.9219794324560846,0.37488176446638544,-0.0647214489475934,0.07230990834353225,8.225498219781205,-0.6082686443490066,0.8944323654149723,0.18981000000004905,0.9067975537108062,0.4091231016501301,-0.06590362866584427,0.0774157348925244,8.615650683391367,-0.5743351343472862,0.9165988133860365,0.18981000000004905,0.9068060899731529,0.40910418322651504,-0.0659036672634983,0.07741569024035533,8.615431631427233,-0.5743323285021573,0.9165928084148242
0.19095477386934673,0.9047092123426211,0.41357471770188625,-0.06603184886307031,0.07808321788914822,8.665803676435717,-0.5697721983281572,0.91943441419837,0.19980000000005904,0.8873116710627437,0.44863011862239194,-0.06683010778281562,0.08332317657433262,9.053316508832683,-0.5333428012454472,0.9410430216591494,0.19980000000005904,0.8873215281668135,0.4486106248004181,-0.0668301453597489,0.08332313387699682,9.053097456868636,-0.5333397431110711,0.9410359814686644
0.20100502512562815,0.8847851993459577,0.453446703200745,-0.0669118001207776,0.0840478993152538,9.106109133090229,-0.5281623535381901,0.943951549765665,0.20979000000006903,0.8650089723587149,0.48911822001187144,-0.06730121720245018,0.08940576465982028,9.490982334274008,-0.4892042178632339,0.9647270381060097,0.20979000000006903,0.865020261061381,0.48909825771163407,-0.06730125249010073,0.08940572504044854,9.490763282310084,-0.48920096363920107,0.9647188280400381
0.21105527638190955,0.8619837420627071,0.49428466736671356,-0.06732669892434684,0.09018764681319023,9.546414589744739,-0.4833597363445595,0.9676587028911169,0.21978000000007902,0.8396731726803106,0.5303530224561963,-0.06728270095320768,0.095643467131842,9.928648159715525,-0.4418591252871346,0.9873106368139319,0.21978000000007902,0.8396860015387042,0.5303327131991029,-0.0672827323511398,0.09564343186119037,9.92842910775165,-0.44185575260209037,0.9873011161205801
0.22110552763819097,0.8360853122123162,0.5358462810038946,-0.06724165130496809,0.09648147058845322,9.986720046399252,-0.4353058140973999,0.9902064674667607,0.22977000000008901,0.8110950337602533,0.5720701364890263,-0.06674036948731132,0.10201141224185493,10.366313985157044,-0.39127119373463776,1.0084302863441248,0.22977000000008901,0.8111095073551973,0.5720496172056839,-0.06674039500283634,0.10201138273597427,10.366094933193176,-0.39126780451829446,1.0084193101820151
0.23115577889447236,0.8068780702677009,0.5778582846745526,-0.06662188733034197,0.1029033851853211,10.427025503053764,-0.3839671156892099,1.0112216641613796,0.239760000000099,0.7790761743574652,0.6139737833616481,-0.06564056034622663,0.1084796051364219,10.803979810598623,-0.3374323090339237,1.027700102528111,0.239760000000099,0.7790923913118782,0.6139532070649021,-0.06564057752749755,0.10847958294774732,10.803760758634587,-0.33742903238979993,1.027687524542851
0.24120603015075376,0.7741618457280978,0.6200151018386403,-0.0654332449622377,0.10942212100209908,10.867330959708275,-0.3293396757132617,1.0303083897557492,0.249750000000109,0.7434332837609346,0.6557357312338524,-0.0639506680844721,0.11501267508926225,11.241645636040124,-0.28036704237947263,1.0447133273155902,0.249750000000109,0.7434513345519179,0.6557152675207084,-0.06395067394719006,0.11501266188954305,11.241426584076294,-0.2803640373805653,1.044699002844472
0.25125628140703515,0.7377525352367716,0.6619777931264458,-0.06364272597778357,0.11600086891603043,11.307636416362786,-0.27145366260369214,1.0470496211063935,0.259740000000119,0.7040027339936206,0.6969946263832798,-0.06163974491395059,0.12156966385280119,11.679311461482207,-0.22013725546127613,1.059044400315501,0.259740000000119,0.7040226985614965,0.6969744617262843,-0.061639735862045845,0.12156966140613282,11.679092409518638,-0.22013471377459115,1.0590281902726313
0.2613065326633166,0.6974869125896273,0.703373431469993,-0.061219125323158076,0.12259706914516705,11.74794187301732,-0.2103781390670165,1.0610094432203232,0.269730000000129,0.6606455761512184,0.7373558006599078,-0.05867917232290421,0.12810386676642557,12.116977286924449,-0.1568467805598124,1.070251688910866,0.269730000000129,0.6606675213141632,0.7373361384457966,-0.05867914406381881,0.12810387689050856,12.116758234961011,-0.15684492878828707,1.070233464396584
0.271356783919598,0.6532278338030694,0.7437949835664301,-0.05813373396382898,0.1291622566456113,12.188247329671807,-0.14622588983036397,1.071735969884057,0.27972000000013897,0.61325289448266,0.7763916411470837,-0.05504340245437952,0.13456273931450294,12.554643112366113,-0.0906461016324185,1.077880940318115,0.27972000000013897,0.6132768711718761,0.776372701418114,-0.055043349909912345,0.13456276382814464,12.554424060402788,-0.09064520324496682,1.0778605879842174
0.2814070351758794,0.6048698077382226,0.7828017879585233,-0.054361113712728844,0.1356419764364159,12.628552786326317,-0.07915823734640293,1.0787650223566818,0.28971000000014896,0.5617514782621887,0.8136426115569559,-0.05071076628298639,0.14088788277213507,12.992308937807735,-0.021736947940833,1.0814695143809976,0.28971000000014896,0.5617775185996694,0.8136246304087068,-0.0507106834970291,0.1408879234269477,12.992089885844196,-0.021737304643387426,1.0814469425671545
0.2914572864321608,0.5523448882803145,0.8199207235416897,-0.04987994064066812,0.14197578321376905,13.068858242980825,-0.009389750781413983,1.0816246264671792,0.29970000000015895,0.5061097562237832,0.8486190169224931,-0.04566434359495629,0.14701512336030614,13.429974763249234,0.0496233033965008,1.0805514489115016,0.29970000000015895,0.5061378704728451,0.848602245510976,-0.04566422363986852,0.14701518175450784,13.429755711285829,0.049621351013271545,1.0805265945476195
0.3015075376884422,0.49562882776218,0.8546481641515936,-0.044673911491396455,0.14809734040642944,13.509163699635339,0.06280726238822724,1.0798403807004526,0.30969000000016894,0.446343921390388,0.880803603250985,-0.039892887450936214,0.15287469989753025,13.867640588690522,0.12311753511506711,1.074663399683439,0.30969000000016894,0.4463740948179868,0.8807883063621339,-0.039892722334783005,0.15287477736980237,13.867421536727223,0.12311360783162875,1.0746362359271653
0.31155778894472363,0.43474741327663174,0.8864528146213723,-0.03873270503393532,0.1539346343740737,13.949469156289856,0.13709860921526745,1.0729417371652765,0.31968000000017893,0.38252415566243125,0.9096550815454262,-0.03339179319785838,0.15839157521901076,14.305306414131723,0.19836524257239987,1.0633514844312837,0.31968000000017893,0.38255634536198824,0.9096415356814473,-0.03339157377524822,0.1583916727204735,14.305087362168578,0.198358923893169,1.0633220289794556
0.32160804020100503,0.36978288789422825,0.9147795208624718,-0.03205298749327114,0.15941031969100458,14.389774612944366,0.21308455193464143,1.0604692233755846,0.3296700000001889,0.3147808437413541,0.9346126605279832,-0.026164099210107213,0.16348588656764693,14.74297223957292,0.2749194815600273,1.046179044111072,0.3296700000001889,0.3148149754751354,0.9346011514679947,-0.026163815099922556,0.16348600451018866,14.742753187610164,0.2749103203670837,1.0461473680876578
0.3316582914572864,0.3008803378280389,0.9390541406342456,-0.02463944812470979,0.1644422113153264,14.83008006959891,0.29029679561023175,1.0419826152381018,0.3396600000001989,0.24331064515384823,0.9551016640492132,-0.018221503407859725,0.1680735496703734,15.180638065014486,0.3522645753794375,1.0227353149921115,0.3396600000001989,0.2433466102847685,0.9550924838462983,-0.01822114292175208,0.1680736877498871,15.18041901305169,0.3522520900954552,1.0227015522743943
0.3417085427135678,0.22825390460149939,0.9586895522307338,-0.016505847668059074,0.1689439388393812,15.270385526253387,0.36819629663079617,1.017070050265649,0.3496500000002089,0.16838227171323122,0.970540297074428,-0.009585376262898022,0.17206703022157221,15.618303890455863,0.42981475804057157,0.9926449816714975,0.3496500000002089,0.16841992430706135,0.9705337404578899,-0.009584926349023875,0.1720671872150666,15.618084838493507,0.4297984425093367,0.9926093384699081
0.35175879396984927,0.1521926587275995,0.9730928648382239,-0.007676058881914345,0.1728257768690924,15.7106909829079,0.44617207876680487,0.985358044636015,0.3596400000002189,0.09034179622086509,0.9803476078592513,-0.00028774751669881913,0.17537629492493495,16.055969715897504,0.5069139407572316,0.9555785537308501,0.3596400000002189,0.09038095041089513,0.9803439680197583,-0.0002871937237577651,0.17537646846103172,16.055750663935456,0.5068932720408609,0.9555413181861114
0.36180904522613067,0.07306594886705818,0.9816738763377202,0.0018149253201218843,0.1759956638054318,16.150996439562412,0.5235412537436361,0.9465223481928698,0.3696300000002289,0.009617297208915413,0.9839526730536498,0.009627759722500705,0.1779099520198316,16.493635541341067,0.5828367960883262,0.9112634774748962,0.3696300000002289,0.009657724925874507,0.983952236800267,0.009628433255285585,0.17791013832285155,16.4934164893789,0.5828112443630026,0.9112250289830471
0.37185929648241206,-0.008671981397882719,0.983854801421285,0.011920044346424912,0.17836041882014964,16.591301896216923,0.5995504500329529,0.9002995378568661,0.3796200000002389,-0.07327737517991667,0.9808050066639993,0.02010507737259156,0.1795765882664451,16.931301366784325,0.6567913572076437,0.8594958591391909,0.3796200000002389,-0.07323594599989688,0.9808080489560008,0.02010588789339409,0.17957678187516846,16.931082314822298,0.6567603979110214,0.8594566770563471
0.38190954773869346,-0.0924783373211092,0.979081264712714,0.02257931492299208,0.17982716355569142,17.031607352871447,0.6733788558416964,0.846499212347732,0.38961000000024887,-0.15773994459605276,0.9703861628035946,0.03107495652661574,0.1802863056225271,17.36896719222757,0.7279233279143595,0.8001526374041308,0.38961000000024887,-0.15769783120392006,0.9703929406765707,0.0310759226102319,0.18028649908570685,17.36874814026565,0.7278864562566089,0.8001133087252285
0.39195979899497485,-0.17771932318720424,0.9668345198867425,0.03371910402900476,0.1803049509712267,17.471912809525946,0.7441430790509931,0.7850166099519873,0.39960000000025886,-0.24307841189493223,0.9522224658430506,0.04245438374539014,0.17995245626336184,17.80663301767096,0.7953222911070834,0.7332040014807952,0.39960000000025886,-0.24303597719316195,0.952233211768203,0.04245552518684922,0.17995263981527576,17.806413965708916,0.795279039002811,0.733165227028544
0.4020100502512563,-0.26366915896909193,0.946644816460689,0.04525156838395658,0.17970659875317202,17.912218266180457,0.8109040170428188,0.7158454268512326,0.40959000000026885,-0.3285113732333434,0.925898759959502,0.05414618856740712,0.17849356914304304,18.244298843114386,0.8580299885059767,0.6587258071219605,0.40959000000026885,-0.3284690253793175,0.9259136746971275,0.05414752622288736,0.17849373036374386,18.244079791152114,0.8579799439139237,0.6586884057294519
0.4120603015075377,-0.3495108327195885,0.9181057910571179,0.05707430178908515,0.17795071878004154,18.352523722834963,0.8726759118547734,0.6390905670313428,0.41958000000027884,-0.4131702138777877,0.8910730233963873,0.06603888338100374,0.17583545496058126,18.681964668557423,0.9150508214006636,0.5769116975773544,0.41958000000027884,-0.4131284048915455,0.8910922684292728,0.06604043894900685,0.1758355784270152,18.681745616595382,0.9149936499720683,0.5768766077002869
0.4221105527638191,-0.4343388609906882,0.8808897097896439,0.06907023362205138,0.17496392727481017,18.792829179489477,0.928437739852682,0.5549805070606059,0.42957000000028883,-0.496103436174862,0.8474916414336607,0.07800677806169723,0.17191346919891717,19.119630494000507,0.9653646901692609,0.4880845909397466,0.42957000000028883,-0.496062659418924,0.847515331093142,0.07800857379771894,0.17191353613474586,19.11941144203866,0.9653001590016824,0.48805286909539575
0.4321608040201005,-0.5171643249486336,0.8347633335458141,0.08110782287018627,0.17068321252297666,19.233134636144,0.9771470491089184,0.4638789113742256,0.4395600000002988,-0.5762833692477385,0.7950050768491944,0.08991041200813048,0.16667490490475603,19.557296319444205,1.007942248398912,0.39270715096334946,0.4395600000002988,-0.5762441556533744,0.7950332702756311,0.08991247036665433,0.16667489283851541,19.557077267482043,1.0078702515747284,0.39267996637428826
0.44221105527638194,-0.5969224361077802,0.7796041191658892,0.09304159203385247,0.16505842845046936,19.673440092798497,1.0177563110545154,0.3662950877485372,0.4495500000003088,-0.6526154874016961,0.7335836185473452,0.1015973451886151,0.1600814781698841,19.994962144887946,1.0417625949653324,0.2913908170297019,0.4495500000003088,-0.6525784003279486,0.733616311657086,0.10159968838717985,0.1600813606129621,19.994743092925674,1.04168318041611,0.2913694418420441
0.45226130653266333,-0.6724828612749306,0.7154164080120263,0.10471304379718628,0.15805487305800536,20.11374554945301,1.04923179506338,0.26289283030938965,0.4595400000003188,-0.7239505326033874,0.6633328293967108,0.11290334730784975,0.15211186000607835,20.432627970332046,1.0658333639384825,0.18490293249052828,0.4595400000003188,-0.7239161612329611,0.6633699470585677,0.11290599680927561,0.15211160616386446,20.432408918370474,1.0657467610296047,0.18488872695824737
0.4623115577889447,-0.7426629999757307,0.6423471907218258,0.11595200030572685,0.1496559008657139,20.554051006107546,1.0705749050253526,0.15449716091230178,0.4695300000003288,-0.7890995925113972,0.584508254872581,0.12365401999488358,0.1427641986748149,20.87029379577591,1.0792130975433116,0.0741714814338779,0.4695300000003288,-0.7890685437117475,0.5845496435275332,0.12365699590549445,0.14276377320624717,20.870074743814495,1.0791197446105523,0.07416587350695625
0.4723618090452261,-0.8062443580598634,0.5607009749662156,0.12657839997282194,0.1398655083603394,20.994356462762042,1.080845835619901,0.04209845155254965,0.4795200000003388,-0.846852228333098,0.49752889693300334,0.13366688078750283,0.13205856679683853,21.3079596212198,1.0810357018544892,-0.039713075487122884,0.4795200000003388,-0.8468251169424893,0.49757431791996426,0.1336702011714307,0.13205792963927165,21.307740569257835,1.0809362727584813,-0.03970861665164786
0.4824120603015075,-0.8619920973067421,0.4709532241109587,0.13640457974065356,0.12871082124668035,21.43466191941655,1.0791893132975707,-0.07314660664940419,0.4895100000003488,-0.895997675490901,0.4029889051415924,0.14275392945942764,0.12003925804325587,21.74562544666309,1.0705366891659516,-0.15549938243174907,0.4895100000003488,-0.8959751130278951,0.40303802901849095,0.14275760957181763,0.12003836432108309,21.74540639470103,1.0704321177599108,-0.1554833793993409
0.49246231155778897,-0.9086777619503298,0.37376178154215933,0.14523806145998913,0.116244402440365,21.87496737607106,1.0648620838189944,-0.18991772546203717,0.49950000000035877,-0.9353490542934054,0.3016668922218448,0.15072470675890817,0.10677684927964114,22.183291272106473,1.047080806304651,-0.2717806948014863,0.49950000000035877,-0.9353316361345244,0.3017192943933964,0.15072875820409246,0.10677564931629792,22.183072220144282,1.0469723075471187,-0.2717517014316842
0.5025125628140703,-0.9451050888036757,0.26997565117193956,0.15288484938427968,0.1025462906224877,22.315272832725565,1.0372616961069063,-0.30673795622555267,0.5094900000003161,-0.9637704275886421,0.1945322471564859,0.15738984280921908,0.09236993613910914,22.620957097549958,1.010190536443833,-0.3870047919325614,0.5094900000003161,-0.9637587187127645,0.19458740513608197,0.15739427263367659,0.09236837559280107,22.620738045587288,1.0100796227388236,-0.38696143958972445
0.5125628140703518,-0.9701386983194499,0.1606404727447942,0.1591532316209007,0.08772567129409059,22.755578289380082,0.9959560133387014,-0.4219853308996482,0.5194800000002706,-0.9802064283711733,0.08274779907797619,0.16256507724323205,0.07694644363764083,23.058622922993177,0.9595748457963428,-0.49948872962645474,0.5194800000002706,-0.9802009478300403,0.08280509171941038,0.16256988697737443,0.07694446378131789,23.05840387103092,0.9594633370153747,-0.49942977977385977
0.5226130653266332,-0.9827353403504955,0.04700001474716756,0.16385806174892753,0.07192207616475638,23.195883746034596,0.9407127596051522,-0.5339096402164553,0.5294700000002251,-0.9837140538514748,-0.032331816824738145,0.16607571567486035,0.06066440916214631,23.49628874843688,0.8951574292439938,-0.6074387948726898,0.5294700000002251,-0.9837152581928273,-0.03227310779152978,0.166080900342306,0.06066194732766721,23.496069696474333,0.895047454793442,-0.6073631974933609
0.5326633165829145,-0.9819772322177842,-0.06950698811084408,0.1668254778030933,0.0553060029782585,23.636189202689106,0.8715282878492692,-0.6406546990997001,0.5394600000001797,-0.9734960856924694,-0.14916672060631206,0.16776146752509494,0.04371213354236019,23.933954573880566,0.8171035945918166,-0.7089759281103717,0.5394600000001797,-0.973504351634519,-0.14910740641445847,0.16776701464306124,0.043709123747377274,23.933735521917754,0.8169975858448253,-0.7088828850559777
0.542713567839196,-0.9671068804673597,-0.18725529776601893,0.1678979946610052,0.03807884714729688,24.076494659343616,0.7886546367717422,-0.7402863391272578,0.5494500000001342,-0.948935451970555,-0.26604386050123896,0.167481588819143,0.02630759756518127,24.371620399324197,0.7258448185846605,-0.8021667539415344,0.5494500000001342,-0.9489510587021046,-0.265984838266916,0.16748747741870817,0.026303971338848577,24.371401347360973,0.7257454900120587,-0.802055785920615
0.5527638190954773,-0.9375626248824076,-0.30444752505980566,0.16693988291608913,0.02047203948154449,24.516800115998127,0.6926238363597542,-0.8308262281044713,0.5594400000000888,-0.9096296988739394,-0.3810951084527165,0.16512023079192079,0.008697046805753013,24.80928622476735,0.6220999146991104,-0.8850602084516097,0.5594400000000888,-0.909652810431288,-0.3810373509238661,0.16512643049209696,0.008692734225814057,24.80906717280428,0.6220102321257277,-0.8849312239561153
0.5628140703517588,-0.8930139884240935,-0.4191348732154846,0.16384272308595454,0.002745291480801359,24.957105572652644,0.5842683298480177,-0.9102914471402084,0.5694300000000433,-0.8554245941511126,-0.4923217840385593,0.1605918715721716,-0.008847342394290402,25.24695205021011,0.5068916793017243,-0.9557295703225946,0.5694300000000433,-0.855455242398185,-0.4922663259794174,0.16059834174670748,-0.008852411445270563,25.246732998247303,0.5068148138921936,-0.9555829343499597
0.5728643216080402,-0.83339576538764,-0.5292446528603043,0.15853099917419572,-0.014816138280928145,25.39741102930716,0.464736311109113,-0.9767395564513096,0.5794199999999978,-0.7864457458105255,-0.597625873438861,0.15384668461085388,-0.026030788063621347,25.684617875653444,0.38155783584375097,-1.0123194950080978,0.5794199999999978,-0.7864838146193044,-0.5975737945343531,0.153853373691248,-0.026036682421219388,25.68439882369053,0.3814971027014534,-1.0121560949931534
0.5829145728643216,-0.7589396388234415,-0.6326147909217954,0.15096757102511013,-0.03190522572085453,25.837716485961668,0.33550073806296504,-1.0283186542892302,0.5894099999999524,-0.7031269954558919,-0.6948480355240867,0.14487567479042615,-0.04254027084430101,26.122283701097594,0.2477550835050607,-1.0530974190827351,0.5894099999999524,-0.7031722067463029,-0.6948004397839271,0.14488251975247848,-0.04254705637019936,26.12206464913477,0.24771386415731425,-1.052918725023773
0.592964824120603,-0.6702019948351099,-0.7270353601404929,0.14115884161085612,-0.048198056594718354,26.278021942616178,0.1983607823562411,-1.0633216822876452,0.5993999999999069,-0.6062342436943747,-0.7818122769777972,0.1337153923699019,-0.058049971425185504,26.559949526541654,0.10745508436068808,-1.0765084497826096,0.5993999999999069,-0.6062861460423133,-0.7817702687342396,0.13372231845395213,-0.05805770911475329,26.559730474579204,0.10743673291240873,-1.0763165651529791
0.6030150753768844,-0.5680865042537901,-0.8102969230518249,0.12915941456031843,-0.06335981224635101,26.718327399270677,0.055434520962564605,-1.0802439603560205,0.6093899999998614,-0.49688329375908635,-0.8563769339011746,0.1204520173027168,-0.07222777161764475,26.997615351985107,-0.037068701222028426,-1.0812325887945,0.6093899999998614,-0.4969412543135639,-0.8563415906263031,0.12045893801912251,-0.07223651553182744,26.99739630002256,-0.037060967852373616,-1.081030288504196
0.6130653266331658,-0.4538599806078168,-0.8802452160761196,0.11507602021731055,-0.07705184714675482,27.158632855925195,-0.09085822618472865,-1.0778426521225508,0.619379999999816,-0.3765502677966727,-0.9164913216392955,0.1052245933487256,-0.08474277630988461,27.435281177428276,-0.18326429116941,-1.0662428675112983,0.619379999999816,-0.3766134682574742,-0.9164636639554136,0.10523141081981217,-0.08475257136728945,27.43506212546558,-0.1832275177677344,-1.0660336189512536
0.6231155778894473,-0.3291600068658927,-0.9348413997782918,0.09907047675980704,-0.08893979860106763,27.59893831257971,-0.23782385034689668,-1.0551965770443847,0.6293699999997705,-0.24707316729849516,-0.9602571127033632,0.08822718421197892,-0.09527377115300736,27.872947002871662,-0.32833534050954877,-1.0308627031682507,0.6293699999997705,-0.2471406046894097,-0.9602380721206324,0.08823378989924476,-0.09528465083013106,27.872727950908732,-0.3282669708090555,-1.0306506662674306
0.6331658291457286,-0.19599286176973577,-0.9722267766215911,0.08136144795418389,-0.09870262277216106,28.039243769234215,-0.38253441478138916,-1.0117645089188834,0.639359999999725,-0.11064322377426253,-0.9859931819547687,0.06970972413402415,-0.10351848401472506,28.310612828315158,-0.46928669881822804,-0.9748205333579999,0.639359999999725,-0.11071371669938429,-0.9859835670395346,0.06971599999443115,-0.1035304680148823,28.31039377635213,-0.4691847224806635,-0.9746105356460669
0.6432160804020101,-0.056720378902467845,-0.9907905362975874,0.06222476251001069,-0.10604240062766226,28.479549225888725,-0.5218790457207193,-0.9474398459203839,0.6493499999996796,0.03021517386209734,-0.9923023283640563,0.04997734439590234,-0.10920346807171223,28.7482786537585,-0.6029815631302247,-0.8982995640113459,0.6493499999996796,0.030142972874645166,-0.9923027902139716,0.04998316450335724,-0.10921656003590151,28.74805960179571,-0.6028446684493969,-0.8980970469407993
0.6532663316582915,0.08596545379418288,-0.9892387422035003,0.04199207324004614,-0.11069470385978132,28.919854682543242,-0.6526273162585905,-0.8625993195413032,0.6593399999996341,0.17267697571761917,-0.9781379558048658,0.029387976369504725,-0.112094372364541,29.1859444792021,-0.7262100384521818,-0.8019802881666172,0.6593399999996341,0.17260456130213475,-0.9781489538761682,0.029393209026836772,-0.11210855770974976,29.185725427238857,-0.7260377656997566,-0.8017912214406842
0.6633165829145728,0.22908109288741468,-0.9666624347020853,0.02104765867653117,-0.11243925596332358,29.360160139197742,-0.7715042574724607,-0.7581432455030361,0.6693299999995886,0.31366210104322373,-0.9428684860289925,0.008348062262665875,-0.11200631356760535,29.62361030464621,-0.8357684719921433,-0.6870733159933693,0.6693299999995886,0.3135910891939278,-0.9428902555192341,0.008352572615358902,-0.11202155754918268,29.623391252682392,-0.8355613612731347,-0.6869040774001832
0.6733668341708543,0.36940383882944944,-0.9226024137850956,-0.00017679342851258364,-0.11111056961455294,29.80046559585226,-0.8752761405196507,-0.6355247263773732,0.6793199999995432,0.44989454123924116,-0.8863370019410695,-0.012693752610308914,-0.10881401287480119,30.061276130089745,-0.9285484272834494,-0.5553400173994012,0.6793199999995432,0.44982663650508964,-0.8863695240680917,-0.012690099464677237,-0.10883025897883045,30.061057078125376,-0.9283081537821735,-0.5551972366853513
0.6834170854271356,0.503538216638788,-0.8571079942544255,-0.021209531407909533,-0.10660819080561709,30.240771052506766,-0.9608456301278737,-0.4967652112056359,0.6893099999994977,0.5779748249702829,-0.808913397156266,-0.033255016853535095,-0.10246131687496107,30.49894195553364,-1.0016336219797077,-0.409098533798416,0.6893099999994977,0.5779117807799872,-0.8089563737812637,-0.03325235228671314,-0.10247848565319945,30.498722903568275,-1.0013631106242262,-0.4089889004391819
0.6934673366834171,0.6279960151223561,-0.7707868209132971,-0.04154826117360612,-0.09890613575643087,30.681076509161283,-1.0253543278069022,-0.3444539191933628,0.6992999999994522,0.6944652101280385,-0.711536158517496,-0.05282996214770996,-0.09296968400212975,30.936607780977315,-1.052402584072136,-0.25121288087947635,0.6992999999994522,0.6944087826631044,-0.7115889926259423,-0.05282841000303491,-0.09298767246519143,30.936388729012695,-1.0521060949979189,-0.2511429172197816
0.7035175879396985,0.7392890829141515,-0.6648427110450789,-0.060671814826953885,-0.08806107164798758,31.121381965815797,-1.0662901209354867,-0.1817288584551087,0.7092899999994068,0.795986377623625,-0.5957408523105484,-0.07090200739481446,-0.0804451917351599,31.37427360642098,-1.0786342059828022,-0.08506315307769008,0.7092899999994068,0.7959382739746981,-0.5958026358787435,-0.07090167964615114,-0.08046387341828877,31.374054554457125,-1.0783173818181324,-0.08503895619326914
0.7135678391959799,0.8340333371586087,-0.5410984784515731,-0.07805384866056458,-0.0742187700972354,31.561687422470303,-1.0815961551614386,-0.012237529979752124,0.7192799999993613,0.8793237612742963,-0.46367244256604995,-0.08695811006042416,-0.06508360744439716,31.811939431865277,-1.0786128192417919,0.08550473671830879,0.7192799999993613,0.8792855829581052,-0.46374195329248796,-0.08695910223116629,-0.06510283325357481,31.811720379900674,-1.0782826852469796,0.08547777897281648
0.7236180904522613,0.9090617522101926,-0.4020008085289332,-0.0931783537426903,-0.057618356488419724,32.001992879124806,-1.0697776804889225,0.15992408926660526,0.7292699999993159,0.9415409760824794,-0.318078759853895,-0.10050469776306026,-0.04717307086692777,32.24960525730731,-1.0512289032229323,0.25625078593202716,0.7292699999993159,0.9415141593519044,-0.3181544681138392,-0.10050708423689828,-0.04719267080039021,32.24938620534197,-1.050893811781409,0.2561682969475521
0.7336683417085427,0.9615433845923669,-0.25060451619535773,-0.10555665539355921,-0.038593892149898536,32.44229833577931,-1.0300025184041492,0.33029503792991305,0.7392599999992704,0.9800971292324597,-0.16228277739465224,-0.11108480847111857,-0.027093961657604748,32.687271082746946,-0.9960711121849724,0.4226344003357384,0.7392599999992704,0.9800828839665874,-0.16236286457540008,-0.11108863785411048,-0.02711374747845261,32.68705203078172,-0.9957406241331607,0.4224933247429097
0.7437185929648241,0.9891047858819217,-0.09053394331842382,-0.11474546674970419,-0.017572862973719308,32.882603792433855,-0.9621904941696684,0.49415529232169714,0.7492499999992249,0.9929641447827396,-0.00013184998535661883,-0.11829596132301155,-0.005315573922750224,33.12493690818685,-0.9135049906765065,0.5799291258024198,0.7492499999992249,0.9929633940804072,-0.00021423907289554503,-0.11830125204242307,-0.005335342831809806,33.12471785622191,-0.9131896875423873,0.5797280350023941
0.7537688442211056,0.9899494919651108,0.07408015015975736,-0.1203654507690296,0.004928790064675902,33.32290924908835,-0.8670869129336662,0.6466531415056896,0.7592399999991795,0.9787396398418974,0.16407726370278566,-0.12180817681679956,0.01761070692864883,33.56260273362705,-0.8047335844903547,0.7233571232323235,0.7592399999991795,0.9787529627416532,0.16399486478994402,-0.12181491316451659,0.017591167604377064,33.56238368166192,-0.804444807924674,0.7230965018616446
0.7638190954773869,0.9629706949450015,0.23868907353324953,-0.122119639851468,0.028315374190259812,33.763214705742854,-0.7463150690624757,0.7829519893903364,0.769229999999134,0.9367503965364892,0.3256979445916294,-0.12138147044093492,0.04106193019226673,34.00026855906697,-0.6718351785804098,0.8482408463109511,0.769229999999134,0.9367779765266813,0.32561798688701266,-0.12138959928616029,0.04104283732116425,34.000049507101814,-0.6715846961280372,0.847923343190884
0.7738693467336684,0.9078517463094602,0.3984399984964887,-0.11981096892066273,0.05192404113010051,34.20352016239737,-0.6024029021949682,0.8983934235217295,0.7792199999990885,0.867141122576146,0.4798571859155556,-0.11688206391001757,0.06435788839543857,34.43793438450725,-0.5177736379382124,0.9501682705974508,0.7792199999990885,0.8671827047183099,0.47978221101448865,-0.11689149231549462,0.0643394564458072,34.4377153325412,-0.5175732377876539,0.949798896360382
0.7839195979899497,0.8251488523718432,0.5483138848842242,-0.11335810312594079,0.07504129215502277,34.64382561905188,-0.43877928422117535,0.9886722104612667,0.7892099999990431,0.770943026905681,0.6216012376597528,-0.10829649965067861,0.08677913786608119,34.87560020994739,-0.34637732069618116,1.0251668932039075,0.7892099999990431,0.7709978864496588,0.6215337981700957,-0.108307093626875,0.08676157151938456,34.87538115798088,-0.34623834210712795,1.024753146107007
0.7939698492462312,0.7163502510657211,0.6832851353875647,-0.10280869243516878,0.09692323929921999,35.08413107570638,-0.2597360655096648,1.0500177028381827,0.7991999999989976,0.6501167977481346,0.7460604398433875,-0.09574281384927458,0.1075884890805021,35.31326603538817,-0.1622832954764978,1.0698806277717996,0.7991999999989976,0.6501837230464438,0.7460030104517407,-0.09575439846993122,0.10757197523550034,35.31304698342267,-0.16221610610009202,1.0694325293926488
0.8040201005025126,0.5839063459323637,0.7984992542234263,-0.08834916948058559,0.1168192810996768,35.524436532360895,-0.07035294367178205,1.0793750336730652,0.8091899999989521,0.5075648963190671,0.8486289748180308,-0.07947792784821026,0.12605553581206697,35.75093186082811,0.029155362277944654,1.081742720846858,0.8091899999989521,0.5076421886315949,0.8485838564298471,-0.07949028892676212,0.1260402352199999,35.75071280886201,0.029141926157354114,1.0812727445659334
0.8140703517587939,0.4312257560165749,0.8894634232684341,-0.07031023089551013,0.13399864718331986,35.96474198901541,0.1236165509858183,1.0745784979806672,0.8191799999989067,0.3471087017650367,0.9251539745368199,-0.059900462996804224,0.1414835930081095,36.18859768626803,0.2220001001407796,1.0591369811265108,0.8191799999989067,0.3471941941677118,0.9251231946276688,-0.05991335048513673,0.14146963183586417,36.188378634301465,0.22189930952535047,1.058659858705021
0.8241206030150754,0.26263304787337693,0.9522435709120427,-0.04916721199035782,0.14777905496559948,36.40504744566992,0.3158981426081445,1.034508754673802,0.8291699999988612,0.17342698244825946,0.9721271825738499,-0.03754827520260027,0.15323821223581816,36.626263511708075,0.4098945705555709,1.001539014710637,0.8291699999988612,0.17351807951153553,0.9721123955263877,-0.037561408420645336,0.1532256739062812,36.62604445974072,0.4097023702034349,1.0010714099656577
0.8341708542713567,0.083285063990464,0.983660268124471,-0.02553468453031035,0.15755651340184096,36.84535290232443,0.4998873846268424,0.9592250010768861,0.8391599999988157,-0.008046566895258069,0.9868712672355143,-0.013090145798109657,0.16077625057561948,37.06392933714759,0.586266988090949,0.9096288706640857,0.8391599999988157,-0.007952827712196684,0.9868736589915482,-0.013103220534864372,0.16076516827854348,37.063710285180534,0.5859825237457552,0.9091889142886631
0.8442211055276382,-0.10095574938250555,0.9814747261820419,-0.0001547802218849378,0.16283511468843168,37.28565835897895,0.668874153506779,0.8500631545777096,0.8491499999987703,-0.19126740249897625,0.9677119930435162,0.012688743748709925,0.16367429560905394,37.50159516258726,0.7445627152655873,0.7853665919345375,0.8491499999987703,-0.19117426767713064,0.9677321948287564,0.012676046304263666,0.16366464590779176,37.501376110620704,0.7441887885528332,0.7849732778846727
0.8542713567839196,-0.2836908021269833,0.9445553801325844,0.026121031581719356,0.1632554879942901,37.725963815633456,0.8162953682385443,0.7096913919390012,0.8591399999987248,-0.3697646367064833,0.914126868320768,0.038907685581172774,0.16165510835759045,37.93926098802719,0.8785005676002616,0.6320226989979157,0.8591399999987248,-0.36967553268885855,0.9141648844556803,0.03889568821528691,0.16164680633282155,37.939041936060654,0.8780439834549288,0.6316951504635496
0.864321608040201,-0.4581953054975149,0.8730151119793904,0.05235670738455523,0.15862046358370355,38.16626927228797,0.9360080679869329,0.542115206080209,0.8691299999986793,-0.5368626806973888,0.8268606808026746,0.06461751487366144,0.15461065095426904,38.37692681346693,0.9823442688543348,0.45415665614979406,0.8691299999986793,-0.5367810912204677,0.8269158356519223,0.06460653226927546,0.1546035473214843,38.37670776150023,0.9818160399486302,0.45391327773036866
0.8743718592964824,-0.6176640969699553,0.7683091846231649,0.07756260983440774,0.14891642519770212,38.60657472894248,1.0225728665275056,0.35262548495782275,0.8791199999986339,-0.6859344684110329,0.7079985891312275,0.08883339989858657,0.14262022961811086,38.814592638907854,1.0511785434427594,0.25753791268377824,0.8791199999986339,-0.6858637964826947,0.7080694980262053,0.08882372545269512,0.1426141102274486,38.814373586940896,1.0505939177020187,0.25739545467575725
0.8844221105527639,-0.7554863125320346,0.6332844989537271,0.1007320268675533,0.1343288268572363,39.04688018559699,1.0715358771210255,0.14768501631003206,0.8891099999985884,-0.8106783735761169,0.5609882214901775,0.11057252970250658,0.1259623183355156,39.25225846434836,1.0811776322665347,0.049006178077632946,0.8891099999985884,-0.810621792674453,0.5610727899513558,0.11056442169906595,0.12595690640774387,39.25203941238193,1.080555913506619,0.04897874831003068
0.8944723618090452,-0.8655394400622615,0.4721719126494017,0.12088217871447529,0.11525042937432355,39.48718564225149,1.0796956064402248,-0.06524873511184281,0.899099999998543,-0.9054086537081377,0.39060359038490644,0.12889551761026288,0.105118744802342,39.689924289789694,1.0698526975951441,-0.16372984353470094,0.899099999998543,-0.9053689539642189,0.39069904515134196,0.12888918531231208,0.10511370617143201,39.6897052378213,1.069216835816553,-0.1636317756624178
0.9045226130653267,-0.9424909828928377,0.2905151069491814,0.13709828700783971,0.09228098124492598,39.927491098905996,1.04534019893204,-0.2779637899021071,0.9090899999984975,-0.9653471687215761,0.20284558596823996,0.14294998778169735,0.08077012496988403,40.127590115229715,1.0162637820262244,-0.3723530286814539,0.9090899999984975,-0.9653266049120957,0.20294854020363434,0.14294557809746072,0.08076507649029808,40.12737106326113,1.015639719061547,-0.3721235830533372
0.914572864321608,-0.9820939429435309,0.09503186269796339,0.14857892511684082,0.06621733396113852,40.36779655556051,0.9684399200296815,-0.48179261232705106,0.919079999998452,-0.986902379593103,0.004776348641238094,0.15201449023413327,0.053781729295223686,40.565255940669275,0.9211818402469062,-0.568252141012606,0.919079999998452,-0.9869025286227573,0.0048829022406238895,0.15201207568216812,0.05377625043190904,40.5650368887015,0.9205976082264683,-0.5678908730799855
0.9246231155778895,-0.9814607644698355,-0.10659342240006618,0.15468055744773315,0.038033343989168945,40.80810201221502,0.8507800332337748,-0.6679620760572849,0.9290699999984066,-0.9679203934920847,-0.19571210351186766,0.1555406207142146,0.02517935084398557,41.00292176610882,0.7871869894780008,-0.7428807367040241,0.9290699999984066,-0.9679420296049558,-0.19560622931142424,0.15554018945429024,0.025172998298352574,41.00270271414121,0.786671573712288,-0.7423933156437843
0.9346733668341709,-0.9392994317098857,-0.30598365180527537,0.154958933619261,0.008849367716877273,41.248407468869544,0.6960203653570993,-0.8279828808666225,0.9390599999983611,-0.9078922432223528,-0.39019109600925983,0.15319103021583114,-0.0038847848317426566,41.44058759154893,0.6186906183208601,-0.8881479511754556,0.9390599999983611,-0.9079352393630101,-0.3900903924512452,0.15319247891736174,-0.0038924597905196424,41.440368539580874,0.6182726122397153,-0.8875466055107297
0.9447236180904522,-0.8560952478078045,-0.4944031685714228,0.14920485733289246,-0.020108310115864992,41.68871292552405,0.5096699451727847,-0.9540631776709512,0.9490499999983156,-0.8081018153280152,-0.57004263938805,0.1448709191105632,-0.03217548972638461,41.87825341698876,0.4218714103425957,-0.9968250398458219,0.9490499999983156,-0.8081650788017892,-0.5699516172710705,0.14487404939214577,-0.032184921750890466,41.87803436502059,0.42157750738528627,-0.9961287091867256
0.9547738693467337,-0.734222579309486,-0.6631417769410874,0.13747182429271979,-0.047557178566313064,42.12901838217856,0.2989681762110576,-1.0395277916501595,0.9590399999982702,-0.6716999927561375,-0.726849197653356,0.130750645070586,-0.058426299007409116,42.31591924242952,0.20451868607976503,-1.0629485459892938,0.9590399999982702,-0.6717814425545456,-0.7267721745953761,0.13075516415709032,-0.05843788770561816,42.31570019046193,0.20437207098309354,-1.0621826851352854
0.964824120603015,-0.5779726374422227,-0.8039341708230109,0.12009314032533672,-0.07221576696271052,42.56932383883307,0.07266804001004513,-1.0792216435751845,0.9690299999982247,-0.5036927369619819,-0.8528103133749988,0.11127725059352228,-0.08139760213501843,42.75358506786966,-0.02421930485504802,-1.0821986293405164,0.9690299999982247,-0.5037893287860861,-0.8527511902378984,0.1112827766978127,-0.08141169055815889,42.75336601590228,-0.024200586218606594,-1.0813946234495548
0.9748743718592965,-0.3934862437504346,-0.9093963913012244,0.0976864061867218,-0.0928662775921475,43.00962929548759,-0.15927826971093303,-1.0698740266021582,0.9790199999981792,-0.31083403282654115,-0.9411669822708147,0.08717304743833072,-0.09993885790997921,43.191250893309906,-0.2541795172148515,-1.0522296623875576,0.9790199999981792,-0.310941835950032,-0.941129019521337,0.08717912018258535,-0.09995571156777712,43.191031841341015,-0.25398411574817426,-1.0514238293601075
0.9849246231155779,-0.18858449180967748,-0.9734575554393533,0.07114369818113023,-0.10841979254754293,43.449934752142106,-0.38612527383884887,-1.0103995610167786,0.9890099999981338,-0.10141882748229276,-0.9866117499884246,0.05941988619335108,-0.11305199397473878,43.6289167187495,-0.4746124740893537,-0.972929925069677,0.9890099999981338,-0.10153315517431935,-0.9865973561985519,0.05942598214293287,-0.1130717815757893,43.62869766678072,-0.47423711848222555,-0.9721621034848537
0.9949748743718593,0.027504805785970157,-0.9917625406564514,0.041606382829421584,-0.11798075062146665,43.89024020879661,-0.5968196178897123,-0.9021121569416983,0.9989999999980883,0.1150237912733158,-0.9856604845734279,0.02922838432160483,-0.11995264958114313,44.06658254418932,-0.6746807757200582,-0.8465883067641042,0.9989999999980883,0.11490819893061069,-0.9856710301583438,0.029233937419298424,-0.11997542676763871,44.0663634922205,-0.6741313660230398,-0.8459000539910332
1.0050251256281406,0.24452116120307596,-0.9620198710115857,0.010424267211487476,-0.12090700623153115,44.330545665451126,-0.7805466715876528,-0.748830350261969,1.0089899999981427,0.3281310909708089,-0.9369609338168701,-0.0020078310736838557,-0.12012561864026032,44.50424836962995,-0.8440077816887444,-0.6779485062000005,1.0089899999981427,0.32801983627256553,-0.936996603327364,-0.002003404702508347,-0.120151315990711,44.50402931766021,-0.8433000854893696,-0.6773809606207462
1.015075376884422,0.45163577198075394,-0.8842690082672798,-0.02090032060998667,-0.11686157231428312,44.77085112210565,-0.9273140434231922,-0.5568560539943487,1.018979999998208,0.527188474759918,-0.841513749777214,-0.03277191749284331,-0.11337073008517572,44.94191419506982,-0.9732509956313626,-0.47413537891855817,1.018979999998208,0.5270872314145209,-0.8415734454817534,-0.03276919122765567,-0.11339914658422784,44.94169514309976,-0.9724108451080697,-0.4737268710067121
1.0251256281407035,0.6379892864241857,-0.7610428280057058,-0.05078194267890352,-0.10585215466304827,45.21115657876014,-1.028542422004045,-0.3348141068385274,1.0289699999982735,0.7016737273556491,-0.7027838408888655,-0.06149573997081003,-0.09983550114947301,45.37958002051062,-1.0546699902161463,-0.24444379658218254,1.0289699999982735,0.7015879406419105,-0.7028651489080732,-0.06149524607102843,-0.09986630416180896,45.379360968540745,-1.0537328951110723,-0.24422732393890093
1.035175879396985,0.7932794397703758,-0.5974044121277762,-0.07763235134435158,-0.08825484027875923,45.65146203541464,-1.0776299708997052,-0.09334691113651691,1.038959999998339,0.8418387617346664,-0.5266838041033759,-0.08664103923215363,-0.08003124425505638,45.81724584595146,-1.0826552653439137,1.2480127791072743e-5,1.038959999998339,0.8417733342657212,-0.5267830319523348,-0.08664323740137797,-0.08006397678659638,45.81702679398193,-1.0816653825739209,1.1771096320202783e-5
1.0452261306532664,0.9083689876152727,-0.40084246781602295,-0.0999480750992329,-0.06481882919292241,46.09176749206917,-1.0704539087428722,0.15533328444713923,1.0489499999984044,0.9392984946122287,-0.321416802993691,-0.10678603447732941,-0.05482991531201208,46.25491167139089,-1.054182661288092,0.2467861086527388,1.0489499999984044,0.9392574749198045,-0.3215290940598702,-0.10679128137411713,-0.05486401099797777,46.25469261942145,-1.0531910962895759,0.2465532694843498
1.0552763819095476,0.9758794112129588,-0.1810166222698481,-0.11640078061481898,-0.036649904569358516,46.53207294872367,-1.0057723294387748,0.39802263922461695,1.0589399999984699,0.987592293555901,-0.09717347946854347,-0.1207128415845734,-0.02543985993573164,46.69257749683049,-0.9691582322425807,0.48270075552492114,1.0589399999984699,0.987578586691583,-0.09729300578803284,-0.12072136321666692,-0.025474665770037753,46.69235844486132,-0.9682206892631637,0.4822330317174604
1.065326633165829,0.9907325182339647,0.05064766377851202,-0.12592516830791456,-0.005171407372060827,46.972378405378194,-0.8854911139588858,0.6212129160761879,1.0689299999985353,0.9826809524785571,0.1343139311174809,-0.12749047138195618,0.006640274874644013,47.130243322270104,-0.8306211235581138,0.6945507032687687,1.0689299999985353,0.9826960728111108,0.13419370126731742,-0.12750234039853378,0.0066054685446604155,47.130024270301284,-0.8297949702268772,0.6938589967583721
1.0753768844221105,0.95060079610693,0.2815051274030729,-0.1277986765931177,0.02793721438721697,47.4126838620327,-0.7147651980585813,0.8118563368258619,1.0789199999986008,0.9233417997880583,0.36034755752229547,-0.12654782153869001,0.03968888277183975,47.567909147710225,-0.6447771668257684,0.8698621607773966,1.0789199999986008,0.9233856859325136,0.3602335259850249,-0.12656294138868698,0.03965480599349592,47.56769009574172,-0.6441180298742255,0.8689717852652237
1.085427135678392,0.856228604669166,0.4983578540321002,-0.1217071118037674,0.06082273265167874,47.85298931868722,-0.5019105797698602,0.9581679236517543,1.0889099999986662,0.811426675698868,0.5679471977777188,-0.11773105481630823,0.07184795913984031,48.00557497315137,-0.4208436342026208,0.9976749347260174,1.0889099999986662,0.8114975858707303,0.5678462510325474,-0.11774915255288526,0.07181532139686579,48.00535592118123,-0.42040169480745615,0.9966255139212848
1.0954773869346734,0.7115903145533552,0.6882132770647285,-0.10779054764039785,0.09155821833722647,48.29329477534173,-0.2581131798487496,1.0504178151518564,1.0988999999987317,0.6519523573558981,0.7446084447241204,-0.10134011756457638,0.10122533455420994,48.44324079859224,-0.17069571444730489,1.069296831315072,1.0988999999987317,0.6520468603050611,0.7445270359439169,-0.10136074673686193,0.10119478116890943,48.443021746623174,-0.1705119192909156,1.0681412291336896
1.1055276381909547,0.5238584395659768,0.8390930089433697,-0.08666449202187863,0.11825617726136765,48.73360023199623,0.003067303092894107,1.0816610336199457,1.1088899999987971,0.45300062157783894,0.8790942397719995,-0.07813992699150728,0.12600756429494214,48.88090662403304,0.09168258121243546,1.0789793283625717,1.1088899999987971,0.4531136936211536,0.8790379623603952,-0.07816248157491543,0.12597963270438167,48.880687572063366,0.09158013791342053,1.0777815540892068
1.1155778894472361,0.3031646054232739,0.9408442597130019,-0.0594124167566677,0.1391885976608617,49.17390568865072,0.26638661167529964,1.0483502149187485,1.1188799999988626,0.2254153736532924,0.9622113240291018,-0.04934294921896239,0.14457714409022007,49.318572449472505,0.3509267890665529,1.0244623365485723,1.1188799999988626,0.22554060630676945,0.9621845040344925,-0.049366688906538524,0.1445522228437788,49.318353397502754,0.35052603129805143,1.0232944353298778
1.1256281407035176,0.06214854113705363,0.9858997364595029,-0.02754727124172093,0.15290656078394968,49.61421114530524,0.5157715057640717,0.9507784988323492,1.128869999998928,-0.017703230012915305,0.9875184291512372,-0.01656147647406715,0.1556266854712959,49.756238274912114,0.5911691083781411,0.9073387723540132,1.128869999998928,-0.017573314460969883,0.9875237659116236,-0.016585562908171998,0.1556049789743236,49.75601922294307,0.5904764021710729,0.9062767891066212
1.135678391959799,-0.1846953790692702,0.9699292139699539,0.007058495935792624,0.15835123767508869,50.05451660195976,0.7353001629551631,0.793305534052388,1.1388599999989935,-0.26169357984634267,0.9519116539937217,0.01827016980498095,0.15826204268061284,50.19390410035132,0.7970198162557547,0.7331965134671922,1.1388599999989935,-0.26156711541065697,0.9519499384414158,0.018246627100715354,0.15824354469165666,50.193685048383145,0.7960613750345326,0.7323157018472012
1.1457286432160805,-0.4218489770888412,0.8923270988555606,0.04227269374031076,0.15494776068429367,50.49482205861426,0.9102521554780362,0.584329541823468,1.148849999999059,-0.49118726038151533,0.8560348882894648,0.05300112939463555,0.15208624379948946,50.631569925792036,0.9545960431683881,0.5115061614116836,1.148849999999059,-0.49107254590236116,0.8561048262517998,0.05297901946806249,0.15207072244699762,50.63135087382235,0.9534180752727366,0.5108756930373174
1.1557788944723617,-0.6337377212784127,0.7564857535498829,0.07582886021842042,0.14267371608992588,50.93512751526875,1.0281613632449342,0.33598245658122444,1.1588399999991243,-0.6910796921169318,0.7044697423850672,0.08539254862638725,0.13725652569759295,51.0692357512335,1.0525310677752107,0.25523764836536483,1.1588399999991243,-0.6909846479205635,0.7045679057962835,0.08537270082820136,0.13724352229971676,51.06901669926311,1.0511984894616038,0.25491515401476317
1.1658291457286432,-0.805779340711045,0.569814307325199,0.10547103637130673,0.12209492101461039,51.375432971923274,1.0797973469808686,0.06354281590482812,1.1688299999991898,-0.8475595107643192,0.5056703164782436,0.1132623401204019,0.11450785587107515,51.50690157667441,1.082891123278953,-0.019793494009519227,1.1688299999991898,-0.8474911170599717,0.5057912386720794,0.11324546471176833,0.11449669911932202,51.506682524704864,1.0814847476821416,-0.01976715769388155
1.1758793969849246,-0.9254458397253459,0.34347702481814796,0.12910926851295898,0.09436274657509876,51.815738428577774,1.0599975650840932,-0.21541857398059042,1.1788199999992552,-0.9491286593797704,0.27162305442608103,0.13463735205581556,0.08513805071531848,51.944567402114245,1.041925301513699,-0.29582937795658826,1.1788199999992552,-0.9490924152215764,0.2717594768035338,0.13462398381636098,0.08512788683948799,51.944348350145056,1.0405375226145495,-0.2954347034852208
1.185929648241206,-0.9832625126704622,0.0918435089905837,0.14497549208848592,0.06116949997337948,52.25604388523229,0.9682753039548899,-0.482123361548788,1.1888099999993207,-0.9875382719465143,0.017230266144721108,0.1479026058930506,0.050951923805872795,52.38223322755452,0.93057829004581,-0.5542807284278026,1.1888099999993207,-0.9875377164747026,0.017373532910512732,0.14789305513271603,0.050941762215776024,52.382014175585056,0.9293074049689487,-0.5535230320965833
1.1959798994974875,-0.9736638350998522,-0.16833584172875332,0.15176826494122242,0.024661191473189018,52.69634934188681,0.809136909692653,-0.7178422259612918,1.1987999999993861,-0.9585635074356351,-0.2405633225461605,0.15193633815799037,0.014164716918656355,52.819899052994316,0.7547058385507366,-0.7769834303767771,1.1987999999993861,-0.9585998450782532,-0.24042273659790425,0.15193065350807025,0.014153489581532208,52.81968000102481,0.7536492833768338,-0.7758948109484037
1.2060301507537687,-0.8956283037633668,-0.41899294566781536,0.14877440263371075,-0.012689763574262086,53.136654798541315,0.5920570306288387,-0.9052449792641782,1.2087899999994516,-0.86254441147737,-0.48385977482498094,0.146219433532171,-0.022731779362976746,53.25756487843545,0.5249490453007458,-0.947520494857616,1.2087899999994516,-0.8626162794238974,-0.4837316305145267,0.14621738051065716,-0.022745147817319913,53.25734582646408,0.5241959486666312,-0.9461599269637346
1.2160804020100502,-0.7530230687338161,-0.6419848409175257,0.13595606624503767,-0.04824593286493289,53.57696025519585,0.3310817525180386,-1.029749908060023,1.218779999999517,-0.7046301344938265,-0.6950503957957938,0.13090858414892712,-0.057133733148165895,53.695230703877435,0.2562452933756462,-1.0525154366998117,1.218779999999517,-0.7047335438489185,-0.6949439881556403,0.1309096427416117,-0.0571502487985958,53.69501165190534,0.2558688664610654,-1.050966756451383
1.2261306532663316,-0.5546047315860806,-0.8204365763658202,0.1139933505301807,-0.07939100640749343,54.01726571185035,0.04405579728350852,-1.0807678227657207,1.2287699999995825,-0.49468044649613785,-0.8581300681616237,0.10686421613075621,-0.08651058479785954,54.13289652931826,-0.03302009397437718,-1.0827951137364629,1.2287699999995825,-0.4948089181659566,-0.8580535054917817,0.10686759950985315,-0.08653110649761896,54.132677477346235,-0.03296972575305632,-1.0811627986447514
1.236180904522613,-0.3136445916439788,-0.9400878884190218,0.08427492920625876,-0.1037283398481626,54.457571168504856,-0.24850016706383943,-1.05273342635697,1.238759999999648,-0.24680093464709182,-0.9599876106988134,0.07562687739600903,-0.10859862511760554,54.57056235475848,-0.32218826460256994,-1.0343195310089432,1.238759999999648,-0.24694583760000458,-0.9599471290272331,0.07563157245351736,-0.10862379119057321,54.570343302785936,-0.3216901363190496,-1.03272235193398
1.2462311557788945,-0.04717389887589882,-0.9905366886723994,0.0488327578872979,-0.119277212475455,54.89787662515938,-0.5248046770883636,-0.9458224203867348,1.2487499999997134,0.021484570175182544,-0.9915680118216442,0.03933928361546217,-0.12158828866746083,55.00822818019849,-0.5897641474850025,-0.9087840294357775,1.2487499999997134,0.02133348636578432,-0.9915673828415372,0.03934411229570088,-0.12161845448750126,55.008009128225936,-0.5888307886334032,-0.9073468478733259
1.256281407035176,0.22512433002431392,-0.9662695077804532,0.01022104132517107,-0.12465073076032927,55.33818208181388,-0.763435310117609,-0.7662679213340946,1.2587399999997788,0.2903906283238966,-0.9488018775076961,0.0006153843089304744,-0.12428958734212454,55.44589400563845,-0.8150252172306843,-0.7138161296779233,1.2587399999997788,0.29024453174954223,-0.9488419666280716,0.0006190828951481418,-0.12432477987606323,55.44567495366633,-0.8137046616127279,-0.7126603143556527
1.2663316582914572,0.48231789292382904,-0.867375275725499,-0.02865562807140557,-0.11919914515421765,55.77848753846839,-0.945038946812156,-0.5262142044911144,1.2687299999998443,0.5392912520864455,-0.833205796049883,-0.03763763724791688,-0.11626029035878471,55.88355983107844,-0.9796863793241338,-0.46271482521925433,1.2687299999998443,0.5391613996208668,-0.833284320695735,-0.037636325562317816,-0.11630018503718352,55.88334077910627,-0.9780613947194498,-0.4619479496075962
1.2763819095477387,0.7038320843682072,-0.6998548498406432,-0.06475521322063511,-0.10310358155377887,56.218792995122904,-1.0539984793460409,-0.24307859950287877,1.2787199999999097,0.7483117121685567,-0.6520750165615548,-0.07243393065775422,-0.09788299084661688,56.32122565652014,-1.0694888543880552,-0.1737132191900327,1.2787199999999097,0.7482085508141019,-0.6521865431806266,-0.07243615623805112,-0.0979269148509382,56.321006604547854,-1.0676731242907416,-0.17341885610847063
1.2864321608040201,0.8711431534720407,-0.4754643985214754,-0.0951379498612012,-0.0774078961969613,56.65909845177742,-1.0799117291434341,0.061568313753796684,1.2887099999999752,0.899973112237251,-0.41821652393870345,-0.1009453994824742,-0.07038012985174195,56.758891481959814,-1.0755737159815746,0.1312158808396124,1.2887099999999752,0.8999053802245647,-0.41835272566398063,-0.10095210739791685,-0.07042709410673784,56.75867242998775,-1.0737049474076183,0.13098735014717774
1.2964824120603016,0.9694214634723748,-0.21106504787266894,-0.11721470882193774,-0.04398049296457784,57.09940390843194,-1.0187397628751111,0.36355095315128816,1.2987000000000406,0.9807550464380951,-0.14920503906381435,-0.12074185894038646,-0.0357602950742228,57.196557307399424,-0.9955050098718002,0.42795022999461985,1.2987000000000406,0.9807289509878849,-0.14935521550504283,-0.12075369922126226,-0.03580905500045718,57.19633825542764,-0.9937352213319206,0.42718884567596815
1.306532663316583,0.9889776166734258,0.07250794092827215,-0.128983241394201,-0.005403300914262256,57.53970936508647,-0.8734963269480456,0.6379687820013781,1.308690000000106,0.982435081470437,0.13381546646367884,-0.1300146338571413,0.0033055429625496466,57.63422313283977,-0.8338242835196884,0.6921021329229543,1.308690000000106,0.9824536314220462,0.13366362890184355,-0.13003188943807423,0.0032564004036787796,57.63400408086816,-0.8323078243169664,0.6908427357697188
1.3165829145728642,0.9263674793386525,0.3519987496596549,-0.12923051049456535,0.03520864409683494,57.980014821740966,-0.6543781302520442,0.8612718866002119,1.3186800000001715,0.9030693108400943,0.4077194731624441,-0.1277627136367037,0.043673104161735435,58.071888958279644,-0.602047970408599,0.901057546040027,1.3186800000001715,0.9031318766178574,0.40757894589041965,-0.12778525393390153,0.04362505221326238,58.071669906308045,-0.6009281095933362,0.8993805685498037
1.3266331658291457,0.7850284143005939,0.6036053519629835,-0.11768017977409263,0.07444691471584645,58.42032027839548,-0.37827630159804115,1.013364218654556,1.328670000000237,0.7474968728606376,0.6492699537503888,-0.1139218491025588,0.08196807011019401,58.509554783719764,-0.318060275244583,1.0360037559045192,1.328670000000237,0.7475990330923491,0.6491532834464013,-0.11394911573221952,0.08192252031026664,58.50933573174737,-0.31745544534111386,1.0340319338430009
1.3366834170854272,0.5753493187012573,0.8050328436398192,-0.0950672727831599,0.10889212908558503,58.860625735049986,-0.06766026817068126,1.0795471680807296,1.3386600000003024,0.5272830309982033,0.8371274350869887,-0.08942021877855133,0.11486638811951559,58.947220609161086,-0.0049045667979601415,1.0837634603505126,1.3386600000003024,0.5274167448031252,0.837045620623878,-0.08945124769460439,0.11482456436468937,58.94700155718905,-0.004895522258659164,1.0816543042234454
1.3467336683417086,0.31412012398774153,0.9375530886752033,-0.06312700699446648,0.13541689189118183,59.3009311917045,0.2511170781932647,1.052112262565041,1.3486500000003678,0.26005880638375,0.9538276964590946,-0.05614945086416711,0.13938931758728565,59.38488643460262,0.3109678754430411,1.0382528437273322,1.3486500000003678,0.2602129239483327,0.9537891245894523,-0.05618293228361455,0.13935213721059517,59.384667382627995,0.3103486515467347,1.0361871039853312
1.35678391959799,0.02335964285889354,0.9878802685945219,-0.02449162505030559,0.151482877941869,59.74123664835903,0.5499845590026828,0.9314059184151005,1.3586400000004333,-0.031732517448649585,0.9875438595985184,-0.016846602932700887,0.15318735155116786,59.8225522600434,0.6018763503362788,0.9013983993651289,1.3586400000004333,-0.031571424084707804,0.9875534032267512,-0.016880977018793087,0.15315532498550744,59.82233320806821,0.6006517091586445,0.8995651862240035
1.3668341708542713,-0.27141996999079443,0.949670762181957,0.01750275898532577,0.15540365753377422,60.18154210501352,0.8016241817677391,0.7262221913472876,1.3686300000004987,-0.3226144672775984,0.9334510301758157,0.02510928909230372,0.1547856691305083,60.260218085483615,0.8413492609021938,0.6833823313589058,1.3686300000004987,-0.32246100378785775,0.9335094079701954,0.025075706433231572,0.15475882919606518,60.259999033507725,0.839599828176486,0.6819619699854774
1.3768844221105527,-0.5433935584672817,0.8244734388005261,0.05908836023360045,0.14654540256739848,60.621847561668034,0.9820391085072923,0.45343046805685383,1.3786200000005642,-0.5862574586650104,0.7945321341838133,0.06597392861715373,0.1437648101997738,60.69788391092389,1.0066142515153766,0.4021381228586271,1.3786200000005642,-0.5861261201415023,0.7946356148524241,0.06594279896552685,0.14374268037215532,60.69766485894777,1.004475483801628,0.401284191591156
1.3869346733668342,-0.7668743198477102,0.6219934974177906,0.09639720774676455,0.12544100233480787,61.06215301832254,1.072978440315341,0.13681106175494093,1.3886100000006296,-0.7978842973205571,0.5817023524199348,0.10196728113273684,0.12085402292349212,61.135549736364915,1.0809063690860157,0.08208314770781688,1.3886100000006296,-0.797788100508907,0.5818428614363947,0.10194008795827571,0.12083563112326424,61.135330684390055,1.0785599210258021,0.08190541334711694
1.3969849246231156,-0.9198186571038449,0.35958802910868054,0.12582434730073275,0.09379936562577257,61.50245847497705,1.0639702136288622,-0.19485221197258548,1.398600000000695,-0.9366864970823873,0.3131849016641769,0.12962828004478766,0.08792117245440224,61.57321556180556,1.0553561485426661,-0.24785096937612075,1.398600000000695,-0.9366356601803705,0.3133505539306906,0.12960617856743448,0.0879051130876781,61.57299650982986,1.0530157989784026,-0.24730088370189507
1.407035175879397,-0.9861407688964452,0.06098100703787314,0.14438935883335496,0.05440049408513654,61.942763931631575,0.9537295898970835,-0.510293904877178,1.4085900000007605,-0.9880153052147769,0.013139160988639619,0.14616195367156404,0.04785187988760516,62.01088138724594,0.9302386924816635,-0.5567537625976311,1.4085900000007605,-0.9880161099824413,0.013315202341785154,0.14614564140193878,0.04783642232627628,62.010662335269956,0.9281316799671502,-0.55549220032185
1.4170854271356783,-0.957589412002681,-0.24573615504229213,0.1500597765152525,0.010877665081369515,62.383069388286074,0.7507507106547745,-0.7786997948191647,1.418580000000826,-0.9451117576343284,-0.2903822729153531,0.14974388022934543,0.0043210521546481135,62.44854721268651,0.7154085785818262,-0.8146306039351446,1.418580000000826,-0.9451657231517113,-0.2902121758127333,0.14973350288335344,0.004304288956714252,62.44832816071045,0.713753790033974,-0.8127456718975803
1.4271356783919598,-0.8349610790487273,-0.5306722972839452,0.14200049098950415,-0.032600152268738185,62.82337484494059,0.4729568350465391,-0.9727856044282421,1.4285700000008914,-0.8101650933739298,-0.567995219469658,0.13974794627505638,-0.0385287379747968,62.88621303812731,0.4298121594389692,-0.9953940208058165,1.4285700000008914,-0.8102685711735284,-0.5678474431519155,0.13974305163316428,-0.03854871456342038,62.8859939861494,0.42879713146508536,-0.9930423052530868
1.4371859296482412,-0.6284720294112931,-0.7650531304374918,0.12071758065708729,-0.07172085872175352,63.263680301595116,0.14637002803972154,-1.0717162940310798,1.4385600000009569,-0.5945387441106054,-0.7918439561131997,0.11686815154149277,-0.07647657205743445,63.323878863568666,0.10005415474361147,-1.0796544987359706,1.4385600000009569,-0.5946830109580971,-0.7917332761539071,0.1168677001227185,-0.07650148087742902,63.32365981159117,0.09981321541786915,-1.0770502875921004
1.4472361809045227,-0.3571841171364143,-0.9242100428937453,0.08807325468364612,-0.10246172402069735,63.70398575824962,-0.19713818176811984,-1.0635490290951428,1.4485500000010223,-0.31807547049164137,-0.9384877166747116,0.08311359873215875,-0.10564530480810162,63.76154468900918,-0.24190763683363667,-1.0570070607830022,1.4485500000010223,-0.3182473497392844,-0.9384257179297806,0.083116035075994,-0.10567649230147505,63.76132563703092,-0.24131160141627336,-1.054404434263848
1.4572864321608041,-0.047471068456805404,-0.9903309946739114,0.047160248360102554,-0.12151925617945063,64.14429121490411,-0.5228495854113212,-0.9469045944736307,1.4585400000010877,-0.007482791869998293,-0.9915138778625223,0.041667344055876014,-0.12291489035581891,64.19921051444977,-0.5617664092408137,-0.9275354141998848,1.4585400000010877,-0.007665780624737499,-0.9915075913680808,0.04167072633613065,-0.12295317252311937,64.19899146247123,-0.5603541838599773,-0.9252044036876137
1.4673366834170853,0.2693852183394568,-0.9546606895756454,0.002038193659023879,-0.12669024305686652,64.5845966715586,-0.7966929491748472,-0.7316285565334002,1.4685300000011532,0.30610124970298175,-0.9435800414789238,-0.0033864441334438035,-0.12628247007814006,64.63687633989043,-0.8263052436904185,-0.7023140053112864,1.4685300000011532,0.3059254273693594,-0.9436309719937293,-0.0033842649490985503,-0.1263280187994683,64.63665728791146,-0.8241855203201394,-0.700512832192173
1.4773869346733668,0.5602749999669274,-0.8188691478702165,-0.04265011544062182,-0.11715891229996228,65.02490212821313,-0.98888805813684,-0.43829260600016223,1.4785200000012186,0.5901637485153693,-0.7976222998067933,-0.047447848379739074,-0.11512653244731665,65.07454216533101,-1.0069356166640206,-0.40277727213184694,1.4785200000012186,0.5900132963690607,-0.7977259805406407,-0.04744901488193889,-0.11517882211987607,65.07432311335023,-1.0042999246692716,-0.4017233641193516
1.4874371859296482,0.7937314802967592,-0.5953748111620467,-0.08214965731985592,-0.09365150944831101,65.46520758486764,-1.0773520254851052,-0.09650188175991875,1.488510000001284,0.8142095125432376,-0.5670350680162691,-0.08586580445920537,-0.09033916619308424,65.51220799077278,-1.0829590898097459,-0.05893820884270067,1.488510000001284,0.8141006040470216,-0.5671812332781003,-0.08587222500310514,-0.09039699154520739,65.51198893879267,-1.0800670239757348,-0.058781150799765335
1.4974874371859297,0.9434361438873646,-0.30650674585198295,-0.11210562653599654,-0.05843103330580862,65.90551304152214,-1.050471493892895,0.25789463065076357,1.4985000000013495,0.9531430510417469,-0.2747250156628821,-0.11443685358099952,-0.05430190201401706,65.94987381621283,-1.0441728165468602,0.2934351131253495,1.4985000000013495,0.9530879666615435,-0.274898421100842,-0.11444998425260888,-0.05436347106105732,65.94965476423282,-1.0413282515009847,0.29263539190240506
1.5075376884422111,0.9913668983867341,0.01748751886644265,-0.12906287461750268,-0.015120643586668378,66.34581849817665,-0.9088810778422025,0.5864598761556165,1.508490000001415,0.990262754707803,0.04894008945756424,-0.12988509475310153,-0.010696094772238625,66.38753964165294,-0.8924796581737376,0.6164493003519043,1.508490000001415,0.9902683314507355,0.04875824032443479,-0.1299057562130361,-0.01075919276528034,66.38732058967246,-0.8899997808455503,0.6147360328319906
1.5175879396984924,0.9302036503290736,0.3414482426940154,-0.1308944862530143,0.03163700276955005,66.78612395483117,-0.6659709673858292,0.8523395277700365,1.5184800000014804,0.9195009803323723,0.3691388679205185,-0.13026785520757808,0.035843120089946036,66.82520546709343,-0.6422472207788869,0.8741730681420077,1.5184800000014804,0.919567574240367,0.36896900581501724,-0.13029610795354005,0.03578090839713928,66.82498641511103,-0.6404272812123912,0.8716954155237
1.5276381909547738,0.7646585769053784,0.6290527535851675,-0.11710478952655567,0.0766574343553675,67.22642941148567,-0.34697041549023383,1.0245055054876973,1.5284700000015459,0.7465986910752894,0.6502878928825578,-0.11525530586731256,0.08020140475365718,67.26287129253373,-0.3192820618629195,1.0367502639237365,1.5284700000015459,0.7467198119215781,0.6501498562334602,-0.11529040293890487,0.08014243516139906,67.26265224055142,-0.3183595929942635,1.0337539211598974
1.5376884422110553,0.5114961947966672,0.8469251094206462,-0.08896213262381909,0.11478345133522445,67.66673486814021,0.01339144700649102,1.0815824837464505,1.5384600000016113,0.48900066913950857,0.8600413977422788,-0.08624246605732043,0.11734298785599595,67.70053711797566,0.041564598032527975,1.0840656684543009,1.5384600000016113,0.4891633817269396,0.8599521331918246,-0.08628289493402352,0.11728928611812432,67.70031806599404,0.041441847139248346,1.0808712103065756
1.5477386934673367,0.1981444957506679,0.9686470380952478,-0.049433217941034134,0.1414850923491947,68.10704032479471,0.3744758736561971,1.014774763210781,1.5484500000016768,0.17439007947073423,0.9731541899058955,-0.04626826267491015,0.14289251456894647,68.13820294341686,0.3999801417845537,1.0085025916514925,1.5484500000016768,0.17457618293963478,0.9731256455143593,-0.04631187864506619,0.14284552596722624,68.1379838914337,0.398778290159745,1.0054729609789541
1.5577889447236182,-0.14003966989993955,0.9781832200379349,-0.002912349891804094,0.15342098001476234,68.54734578144921,0.6942380730136201,0.8294778465868787,1.5584400000017422,-0.1620630194272408,0.9747409097275037,0.00026278454043953976,0.15367390013274765,68.57586876885668,0.7146255958230473,0.8164001592428919,1.5584400000017422,-0.16187511581269215,0.9747783870677533,0.00021854202908227593,0.1536342905265576,68.57564971687458,0.7124369763750475,0.8139002117303443
1.5678391959798994,-0.46361759006006337,0.8722637618336567,0.045236511713009284,0.14889028842334007,68.98765123810371,0.934165469207367,0.5452842159284013,1.5684300000018077,-0.48150254776856755,0.8624979355616783,0.04803716368034713,0.14813857887049095,69.01353459429718,0.9479532729330638,0.5279419538443331,1.5684300000018077,-0.48133542625338377,0.8625991345420302,0.04799499104810047,0.1481061151847112,69.01331554231324,0.9449943424628563,0.5262943023369201
1.5778894472361809,-0.7336369490446103,0.6613567853685761,0.08928228316531168,0.12811207342127864,69.42795669475822,1.0640772621534378,0.19426677577011664,1.578420000001873,-0.745851349986718,0.6475444500067968,0.0914247103808929,0.12662334429383498,69.45120041973921,1.0708510656865584,0.1753768925236106,1.578420000001873,-0.7457259172780025,0.6476993753370905,0.09138712529169195,0.1265968752329423,69.45098136775523,1.0674447215040714,0.17481923947567146
1.5879396984924623,-0.9164066032573411,0.36900955871783575,0.1238095231930303,0.09328496689165697,69.86826215141272,1.0661805285417685,-0.1823707228654563,1.5884100000019385,-0.9224400894547066,0.35368129363802203,0.1251437280366038,0.09139404373605871,69.88886624518058,1.0665318885134996,-0.20032858000525416,1.5884100000019385,-0.9223729508498613,0.3538730989712678,0.12511275606433503,0.0913715909622737,69.88864719319561,1.0630749159834552,-0.1996790498847535
1.5979899497487438,-0.9878934883758635,0.029524739725045577,0.14440147832342637,0.04840411580432805,70.30856760806724,0.9378212465847661,-0.5389724570460633,1.598400000002004,-0.9882374673873084,0.015047679591492268,0.14492152578237916,0.046454566575713126,70.3265320706202,0.9331324828723974,-0.5541030095864099,1.598400000002004,-0.9882386738447586,0.01525441340712378,0.14489842743277606,0.04643352362965808,70.32631301863567,0.9300508761807048,-0.552272910498207
1.6080402010050252,-0.9371567160086515,-0.315850954874872,0.14823670831889052,-0.0011585557154161735,70.74887306472172,0.692488818066945,-0.8309387684133663,1.6083900000020694,-0.9331228018067179,-0.3276426598753644,0.14806714462177387,-0.002871386726171368,70.76419789605976,0.6846046514546117,-0.8421574926217735,1.6083900000020694,-0.9331942828719078,-0.32744556109780876,0.14805222018714181,-0.0028939644409031926,70.76397884407547,0.6823014483684712,-0.8393239741050014
1.6180904522613064,-0.7683100839529797,-0.6238405487932338,0.134516578816143,-0.04927346751728833,71.18917852137622,0.3588223639592627,-1.0204148720607538,1.6183800000021349,-0.7617185390486854,-0.6319070775370045,0.13387741197894978,-0.05054850334082286,71.20186372150044,0.3496663250094089,-1.0275185975594774,1.6183800000021349,-0.761853472845991,-0.6317438133897447,0.13386991506685803,-0.05057554741452266,71.2016446695152,0.34846809902323633,-1.0239970624542019
1.6281407035175879,-0.500655221538276,-0.8545913753962973,0.10465625512711665,-0.08980533674313901,71.62948397803073,-0.022391638969096534,-1.0814335922766396,1.6283700000022003,-0.4934473907364041,-0.8587962208654168,0.10381259753876278,-0.09056306197875243,71.63952954694253,-0.03118770427779195,-1.0850061856511812,1.6283700000022003,-0.49363066117212356,-0.8586875188154923,0.10381077673304331,-0.09059711924420205,71.63931049495794,-0.031078705334970258,-1.081218809503902
1.6381909547738693,-0.1668409933226197,-0.976990697094514,0.06219768179072002,-0.11740830088973608,72.06978943468525,-0.4029751288697477,-1.0037983091799318,1.6383600000022658,-0.16068431721516385,-0.9780379540575705,0.06140296240639218,-0.11769446389570502,72.0771953723838,-0.4103610575481575,-1.004971069965531,1.6383600000022658,-0.16089407743134948,-0.9779982269497055,0.061404235380032014,-0.11773735094752667,72.07697632039797,-0.40890215426580295,-1.0013985361411797
1.6482412060301508,0.1908420169425467,-0.9731257139413207,0.012436964792156497,-0.12826141798028,72.51009489133978,-0.7333561685127977,-0.7951029682401579,1.6483500000023312,0.19488415200186177,-0.9723358741858481,0.011880058457527997,-0.1282262815525884,72.51486119782436,-0.7390183546393743,-0.7952161657911244,1.6483500000023312,0.19467393738651337,-0.9723710396740544,0.0118813055988809,-0.1282788130709696,72.51464214583899,-0.7363430789871421,-0.7923375984862429
1.6582914572864322,0.5256610327235336,-0.841229231502691,-0.038203261107245964,-0.12064149195964806,72.95040034799429,-0.9690869543977709,-0.4804898280048548,1.6583400000023967,0.5273311061866633,-0.840193253435195,-0.038436922666638514,-0.120498150632492,72.95252702326484,-0.973436760829491,-0.4807218217448598,1.6583400000023967,0.5271474108190727,-0.8402995554411199,-0.03843897529035416,-0.12055998328977961,72.95230797127903,-0.9698488697194374,-0.4789500703092377
1.6683417085427135,0.7925285801183755,-0.5966070055382999,-0.08298840633630482,-0.09524418644722471,73.3907058046488,-1.0770307422748686,-0.10002389811904437,1.6683300000024621,0.7924055872772238,-0.5967828429989975,-0.08293377687614849,-0.09521350853176955,73.3901928487061,-1.0810256271882803,-0.10106339408392202,1.6683300000024621,0.7922727552681598,-0.5969469066854084,-0.08294213020473261,-0.09528313017330145,73.38997379672263,-1.0769692128791835,-0.10068423140683787
1.678391959798995,0.9541999403813384,-0.2702826103866255,-0.11577394182445108,-0.05519219775774409,73.8310112613033,-1.040343885892705,0.296115854161426,1.6783200000025276,0.9535460240248523,-0.2726128723979899,-0.11557709266103443,-0.055444905278442355,73.82785867414684,-1.0451732488616619,0.29428324418564117,1.6783200000025276,0.9534823516766803,-0.2728130727178196,-0.1155940579866991,-0.05551978164165113,73.82763962216187,-1.0411809353122887,0.293159103361858
1.6884422110552764,0.9867250280825854,0.09460487428333508,-0.13187513722696753,-0.005708318376163712,74.27131671795782,-0.861478570277985,0.6541060104844505,1.688310000002593,0.9871699254955368,0.08997443050175755,-0.13175829675517844,-0.006315955129267898,74.26552449958673,-0.8681756160627966,0.6522440524917362,1.688310000002593,0.9871848775225147,0.08976538384550813,-0.13178514801094499,-0.006392825483269531,74.26530544760304,-0.8648001851926084,0.6497081187971174
1.6984924623115578,0.8833371835696038,0.4482931789074212,-0.12877989267163828,0.04652295252819755,74.71162217461233,-0.5626513228324759,0.9238092275545594,1.6983000000026585,0.8864558292719257,0.44212852720564005,-0.1289863994923201,0.045617287587076664,74.7031903250284,-0.5717121636704205,0.9232874955389072,1.6983000000026585,0.8865483247594873,0.4419400657436196,-0.12902314806886328,0.0455419962130772,74.70297127304283,-0.569449915100331,0.9196340544643861
1.7085427135678393,0.6561213414217619,0.7411224834007378,-0.10659273805304134,0.0942350153777674,75.15192763126682,-0.18354232574116397,1.0659794625890375,1.708290000002724,0.6629859363081789,0.7350115519953887,-0.10732199399110945,0.09321832597010979,75.14085615047043,-0.19463933725902838,1.0684547102855313,1.708290000002724,0.6631440223671214,0.7348712199362862,-0.10736732680087416,0.09314801577995871,75.14063709848462,-0.1938555543633527,1.0641522560136294
1.7185929648241205,0.33507485412785126,0.9306072336451849,-0.06812832717971523,0.13058924095886154,75.59223308792129,0.2236260548286006,1.0582964554423702,1.7182800000027894,0.3458754538171169,0.9266653006493817,-0.06947379961653755,0.12974969050458424,75.57852197591161,0.2117606011078294,1.0652721203304816,1.7182800000027894,0.34607751014568594,0.9265947648017195,-0.06952520108316171,0.12968710509435677,75.57830292392516,0.2108929541822219,1.060907235252232
1.728643216080402,-0.03547324073285803,0.987847103174476,-0.018617830138106833,0.1501769833986449,76.03253854457581,0.6010870925534225,0.8992743225322088,1.7282700000028548,-0.02164994464746447,0.9882590340333521,-0.020521866332100083,0.14984730411480543,76.01618780135057,0.5905586611670384,0.9116232699581353,1.7282700000028548,-0.021432539298565107,0.9882707137368912,-0.020575919962195932,0.14979410584832878,76.01596874936517,0.5880967339895009,0.9078227973582117
1.7386934673366834,-0.40272948688115223,0.9022901583681034,0.03495377782678064,0.14986548610072356,76.47284400123033,0.8937093698501561,0.6093304212347583,1.7382600000029202,-0.38789614945180617,0.9087693732568722,0.032716495462507426,0.15034771164013505,76.45385362679062,0.8871323023672767,0.6268844056048276,1.7382600000029202,-0.3876951795816718,0.9088642272259482,0.032663657053968946,0.1503041905802246,76.4536345748047,0.8833698823787922,0.6242256409633402
1.7487437185929648,-0.7128645645543432,0.6840324625753885,0.08480479432177285,0.12935165095932336,76.91314945788486,1.0572177576788242,0.22867140802612854,1.7482500000029857,-0.6998755551357241,0.6973032421231281,0.08260784476721052,0.13083707361047314,76.89151945223189,1.0571995753607253,0.24998019200900934,1.7482500000029857,-0.6997214485938128,0.6974701194249767,0.08255999718458865,0.1308020403203479,76.89130040024652,1.0526385790355324,0.2489016308790733
1.7587939698492463,-0.9189857408885969,0.3631494144739428,0.12348315834534529,0.09132152219380552,77.35345491453937,1.0652216437887823,-0.1878905255834309,1.7582400000030511,-0.9110466154417787,0.38256769892017684,0.1217922668650775,0.09382251311314724,77.32918527767268,1.0737456628102304,-0.16554926248318283,1.7582400000030511,-0.9109638724857507,0.38278445767784935,0.12175253298101366,0.09379340434565313,77.328966225687,1.0690338665382229,-0.16482291139417846
1.7688442211055277,-0.9884751272693133,-0.014029445809055683,0.14500158342741312,0.04116598381936012,77.7937603711939,0.9139051752901768,-0.5785994560816016,1.7682300000031166,-0.9884910821892332,0.009384741434932006,0.1442885621387784,0.04447603732889971,77.76685110311185,0.931730747637647,-0.558919860535481,1.7682300000031166,-0.9884943426525443,0.009621085242243792,0.1442589161502079,0.044449233669922955,77.76663205112716,0.92757242756759,-0.5564255489643046
1.778894472361809,-0.9085248249990454,-0.39132374027322486,0.1458074385610761,-0.013731843261319003,78.23406582784841,0.6235096375132494,-0.8838754052060683,1.778220000003182,-0.9184033086728869,-0.3674065504505664,0.14644809871946107,-0.010037115430463234,78.20451692855156,0.6497236550833317,-0.8709489608529617,1.778220000003182,-0.9184947024914216,-0.3671848373220601,0.14642901535108874,-0.010065793524504936,78.20429787656869,0.646774738148276,-0.8669962156868221
1.7889447236180904,-0.6888944305995284,-0.7109576256386111,0.12542614951646883,-0.06505381658904573,78.67437128450293,0.23617462570252545,-1.055566931167498,1.7882100000032475,-0.7089427927419454,-0.6908887711878952,0.12760138472352076,-0.06156873461726795,78.64218275399219,0.26801665647646244,-1.053110327627092,1.7882100000032475,-0.7091110698181256,-0.690714751848838,0.1275916977340595,-0.06160341637549197,78.64196370200904,0.2667795954841721,-1.048250278966382
1.7989949748743719,-0.36128294986974496,-0.9224865164493657,0.08665649269734396,-0.1048041477041551,79.11467674115744,-0.18975193614218255,-1.064891638961632,1.798200000003313,-0.3898425075091444,-0.9107292151997511,0.09027782831672009,-0.1022009277601954,79.07984857943302,-0.15670681759031077,-1.075407221430024,1.798200000003313,-0.39006420143375164,-0.9106296293280337,0.09027483484236519,-0.10224505437389873,79.07962952744907,-0.15597169707314726,-1.0703610744182015
1.8090452261306533,0.02479677285023381,-0.9910194270017614,0.03525875339333488,-0.12657976011405997,79.55498219781195,-0.5882524130147835,-0.9077219280056991,1.8081900000033784,-0.008632767343600656,-0.9912537609435886,0.03993769359001874,-0.12548480933520093,79.51751440487354,-0.5595305672501816,-0.9317557414848203,1.8081900000033784,-0.008875343580863719,-0.9912445661440411,0.03993750484289947,-0.12554056743999945,79.51729535288983,-0.5568615466530611,-0.9273107449902999
1.8190954773869348,0.4091962857002334,-0.9033733991719524,-0.020845716238485107,-0.12665053316990435,79.99528765446645,-0.8958337715407628,-0.6062028157037483,1.8181800000034438,0.3761301334296755,-0.9176157258274615,-0.015771418340487706,-0.12750986159448596,79.95518023031445,-0.8771728051266461,-0.6418712247812294,1.8181800000034438,0.37590351728055704,-0.9176991104960482,-0.01577331891776241,-0.1275777829450978,79.95496117833021,-0.8729191397359389,-0.6387583074964507
1.829145728643216,0.7303866504298734,-0.6710339242092759,-0.07276388872767664,-0.10466245712492858,80.43559311112095,-1.0618268637164778,-0.20621278207262247,1.8281700000035093,0.7037301706642688,-0.6989547336211233,-0.06814371018584932,-0.10762231184829034,80.39284605575548,-1.058087735184717,-0.2491401630802128,1.8281700000035093,0.7035549555781578,-0.6991181800282514,-0.06815177688928112,-0.10770111486069012,80.39262700377145,-1.0528721350051309,-0.24791181343388546
1.8391959798994975,0.935400910150901,-0.3292398599696361,-0.11203832727239367,-0.0638252702157778,80.87589856777547,-1.0571094139053117,0.22917174134886578,1.8381600000035747,0.9209459412229675,-0.3678505172007313,-0.10877078835968972,-0.06865483187444718,80.83051188119768,-1.0711816665299494,0.18542410288464647,1.8381600000035747,0.9208503781136934,-0.36806820125864154,-0.10878869446307596,-0.06874154716847504,80.83029282921204,-1.0658149220719684,0.18449539776504265
1.849246231155779,0.9888589656561294,0.06789229292015944,-0.13205252717852023,-0.010522008808802016,81.31620402443,-0.879711964028241,0.62937020929313,1.8481500000036402,0.9909623591260326,0.024064102016525257,-0.1309158177685769,-0.016600314680471885,81.26817770663824,-0.9116344135825231,0.592392488854417,1.8481500000036402,0.9909625900328398,0.023827653581031914,-0.13094582407235267,-0.016690693162387544,81.26795865465195,-0.9069924878991825,0.5893764728926766
1.8592964824120604,0.8795085856198903,0.4556292101960783,-0.1291989953363217,0.04662928523102942,81.75650948108449,-0.5561794242894447,0.9277200267306766,1.8581400000037056,0.9000224979580165,0.413838250869337,-0.13068032196821106,0.04024995325593182,81.70584353207902,-0.6026890634274883,0.9049685597263196,1.8581400000037056,0.9001193824724072,0.4136227095025166,-0.13072284323935143,0.040160798506867594,81.70562448009186,-0.5995703633668392,0.9002862762891702
1.8693467336683418,0.6230263682951839,0.7690740297326087,-0.10359819906890583,0.098136101153012,82.196814937739,-0.1382016581147653,1.0728002151819496,1.868130000003771,0.6605735042315585,0.7371959828738859,-0.10775640874037028,0.09259203376761357,82.1435093575195,-0.19286851774667046,1.0701411668718122,1.868130000003771,0.660751837228369,0.7370387755533414,-0.10780986389483997,0.09250884377799946,82.1432903055338,-0.1918541469678466,1.0645149065142365
1.879396984924623,0.26037549752527306,0.9541576361773495,-0.05921857272297707,0.13520712354623987,82.63712039439348,0.3051955292763963,1.037716574460391,1.8781200000038365,0.31016666755722544,0.9392368201715812,-0.06561280533582421,0.13162748096953678,82.58117518296068,0.25118592014209573,1.0580672726692604,1.8781200000038365,0.31039707391033605,0.9391667271492141,-0.06567379555217934,0.1315540485941261,82.5809561309735,0.24984450646019168,1.0524151854134003
1.8894472361809045,-0.14826149990839718,0.9773026939256387,-0.0033411054586636613,0.15128386928219484,83.077425851048,0.6988165615314702,0.8256242567472457,1.888110000003902,-0.09395311277958984,0.9840628466596312,-0.011049383765532838,0.15056904576164093,83.01884100840148,0.6552950045599675,0.867981384632731,1.888110000003902,-0.09370976184180912,0.984094741733547,-0.011113189704883357,0.15050753084984875,83.01862195641355,0.651739069385688,0.8632706327277773
1.899497487437186,-0.5331796253704566,0.8319962832509152,0.05457703035181732,0.1432585756753722,83.51773130770252,0.9740721224566142,0.4703014993097275,1.8981000000039674,-0.48389186090698605,0.8616120910660304,0.046840451020817235,0.145874067691839,83.45650683384214,0.9501231628806536,0.5294090018571849,1.8981000000039674,-0.483678116613935,0.861743809135615,0.046779117857368026,0.14582455574327627,83.45628778185346,0.944885335892524,0.5264899827219618
1.9095477386934674,-0.8269838917769775,0.5409307147025815,0.10447509480341374,0.11214525936772989,83.95803676435702,1.081210072242455,0.03138119949233391,1.9080900000040328,-0.7924260914966393,0.5903461434541314,0.0981538976402197,0.11797513637299703,83.89417265928314,1.0833154009060626,0.09819644103093118,1.9080900000040328,-0.7922806705999625,0.5905581581216389,0.09810000397212608,0.11793553362036326,83.89395360729563,1.0772489230257443,0.09764608403723186
1.9195979899497488,-0.9765771189478162,0.15307134518474302,0.13744339326014204,0.06305242009735958,84.39834222101153,0.9987933283572341,-0.415225104285846,1.9180800000040983,-0.964742523017888,0.21507791218787592,0.13387487853332167,0.07135035296109381,84.33183848472389,1.029244387358816,-0.3522497403366114,1.9180800000040983,-0.9646933517268544,0.21533605635843164,0.13383218680188647,0.0713166582351628,84.3316194327355,1.0233900851621087,-0.3502466751830587
1.92964824120603,-0.953157250886517,-0.26411773095472574,0.14735511335473336,0.004421520787963808,84.83864767766602,0.7385607588040676,-0.7902708431638324,1.9280700000041637,-0.9685400968510441,-0.1999574768824665,0.14749362027539287,0.013882370425333688,84.76950431016536,0.7945000224872681,-0.7432394711366954,1.9280700000041637,-0.9685989180129144,-0.19969654427186012,0.14746397230151237,0.013849299734909306,84.76928525817614,0.7899101874429643,-0.7389464768545376
1.9396984924623115,-0.7582935044291914,-0.6361597772239769,0.1320719810293694,-0.05337312816291488,85.27895313432052,0.34452064298147667,-1.0253319104366874,1.9380600000042292,-0.800590021488229,-0.5818221490944124,0.13625514077998072,-0.04442005096421961,85.20717013560653,0.4178915121261942,-1.0045971439337915,1.9380600000042292,-0.8007496356635899,-0.5816035471147935,0.13623804711932982,-0.044458176809553135,85.206951083616,0.4154395581130963,-0.9987041470994571
1.949748743718593,-0.42474069835823597,-0.894871387673891,0.09397803786227918,-0.09984321249038819,85.71925859097504,-0.1138902755556912,-1.0756528274187573,1.9480500000042946,-0.4883634933573674,-0.8616637006086953,0.10178944495355341,-0.09314329984043224,85.64483596104886,-0.0353548227537296,-1.087572783065975,1.9480500000042946,-0.4885982993570653,-0.8615262308546083,0.10178207410956294,-0.0931915489987763,85.64461690905823,-0.035144792606751254,-1.0810942805455304
1.9597989949748744,-0.011538747506164158,-0.9911286122173928,0.0397040968023249,-0.12631118733987368,86.15956404762956,-0.5536565312437539,-0.9292278759331608,1.95804000000436,-0.08614785204987194,-0.9873538174561133,0.04997295463918166,-0.1233437900612093,86.08250178649004,-0.4844749739491939,-0.9744570604707254,1.95804000000436,-0.08641778991939271,-0.9873226169324775,0.04997054956231866,-0.12340567189352392,86.08228273449778,-0.4815452429822416,-0.9685629452098048
1.9698492462311559,0.4060125677995083,-0.9046747282704786,-0.020951817769388627,-0.12758703754624626,86.59986950428409,-0.8931130576153664,-0.6102041185677559,1.9680300000044255,0.33394545260063424,-0.9336368199566201,-0.009996950373974843,-0.1292392513591265,86.5201676119307,-0.8474065921651037,-0.6829384606294772,1.9680300000044255,0.3336880815583541,-0.9337181743597341,-0.010000278617465962,-0.12931600644855817,86.51994855993836,-0.8422032511999885,-0.6787441959509511
1.979899497487437,0.7499012010405137,-0.64894915352982,-0.0767498231568449,-0.10306623819855919,87.04017496093859,-1.0673098025389411,-0.17564106981115984,1.978020000004491,0.6946944372748514,-0.7077564971459459,-0.06718632939309845,-0.10939093522664645,86.95783343737187,-1.0559263933193843,-0.2640926306029338,1.978020000004491,0.694496379208393,-0.7079359198592825,-0.06719655552635685,-0.10948121101274268,86.95761438537835,-1.0493437510965102,-0.2624455979815454
1.9899497487437185,0.9540879731790051,-0.2697351621630845,-0.11708674763168858,-0.05700680009569889,87.4804804175931,-1.0409068911191202,0.2941306580770713,1.9880100000045564,0.928019047645489,-0.34924837868008707,-0.11090698004643014,-0.0671256953295147,87.3954992628137,-1.0688890112063787,0.20597726573925823,1.9880100000045564,0.9279172554122938,-0.34949251732588077,-0.11092904789152931,-0.06722569282063114,87.39528021081887,-1.0621244652315571,0.2046744249244188
2.0,0.9775650205852481,0.16246057500543962,-0.1340474643669719,0.002114094117351285,87.92078587424763,-0.8159787940678204,0.7100553553292517,1.9980000000046219,0.9881511139460866,0.07638939671812166,-0.13274232699913116,-0.01007525180852769,87.83316508825409,-0.880946343899523,0.6396179212217007,1.9980000000046219,0.9881653344154093,0.07612716067076117,-0.13277917083627525,-0.010179344768786288,87.83294603625919,-0.8752869855898587,0.635509789629416
